,Date,Close
0,2010-06-29,23.8899
1,2010-06-30,23.8299
2,2010-07-01,21.96
3,2010-07-02,19.2
4,2010-07-06,16.11
5,2010-07-07,15.8001
6,2010-07-08,17.46
7,2010-07-09,17.4
8,2010-07-12,17.0499
9,2010-07-13,18.1401
10,2010-07-14,19.8399
11,2010-07-15,19.89
12,2010-07-16,20.64
13,2010-07-19,21.9099
14,2010-07-20,20.3001
15,2010-07-21,20.22
16,2010-07-22,21.0
17,2010-07-23,21.2901
18,2010-07-26,20.9499
19,2010-07-27,20.55
20,2010-07-28,20.7201
21,2010-07-29,20.3499
22,2010-07-30,19.9401
23,2010-08-02,20.9199
24,2010-08-03,21.9501
25,2010-08-04,21.2601
26,2010-08-05,20.4501
27,2010-08-06,19.59
28,2010-08-09,19.5999
29,2010-08-10,19.0299
30,2010-08-11,17.9001
31,2010-08-12,17.6001
32,2010-08-13,18.3201
33,2010-08-16,18.78
34,2010-08-17,19.1499
35,2010-08-18,18.7701
36,2010-08-19,18.7899
37,2010-08-20,19.1001
38,2010-08-23,20.13
39,2010-08-24,19.2
40,2010-08-25,19.8999
41,2010-08-26,19.7499
42,2010-08-27,19.7001
43,2010-08-30,19.8699
44,2010-08-31,19.4799
45,2010-09-01,20.4501
46,2010-09-02,21.06
47,2010-09-03,21.0501
48,2010-09-07,20.5401
49,2010-09-08,20.9001
50,2010-09-09,20.7099
51,2010-09-10,20.1699
52,2010-09-13,20.7201
53,2010-09-14,21.12
54,2010-09-15,21.9801
55,2010-09-16,20.94
56,2010-09-17,20.2299
57,2010-09-20,21.0549
58,2010-09-21,20.7699
59,2010-09-22,19.8699
60,2010-09-23,19.56
61,2010-09-24,20.1
62,2010-09-27,20.5299
63,2010-09-28,21.3999
64,2010-09-29,21.9801
65,2010-09-30,20.4051
66,2010-10-01,20.6001
67,2010-10-04,20.9901
68,2010-10-05,21.12
69,2010-10-06,20.46
70,2010-10-07,20.43
71,2010-10-08,20.43
72,2010-10-11,20.2401
73,2010-10-12,20.2401
74,2010-10-13,20.5401
75,2010-10-14,20.7501
76,2010-10-15,20.5401
77,2010-10-18,20.2299
78,2010-10-19,20.0499
79,2010-10-20,20.6499
80,2010-10-21,20.7501
81,2010-10-22,20.7201
82,2010-10-25,20.85
83,2010-10-26,21.36
84,2010-10-27,21.0
85,2010-10-28,21.1899
86,2010-10-29,21.84
87,2010-11-01,21.4101
88,2010-11-02,21.2499
89,2010-11-03,21.7701
90,2010-11-04,24.9
91,2010-11-05,24.4401
92,2010-11-08,24.9801
93,2010-11-09,24.63
94,2010-11-10,29.3601
95,2010-11-11,28.035
96,2010-11-12,29.8401
97,2010-11-15,30.8001
98,2010-11-16,29.67
99,2010-11-17,29.49
100,2010-11-18,29.8899
101,2010-11-19,30.99
102,2010-11-22,33.3999
103,2010-11-23,34.5699
104,2010-11-24,35.4699
105,2010-11-26,35.3199
106,2010-11-29,34.3299
107,2010-11-30,35.3301
108,2010-12-01,34.35
109,2010-12-02,32.3499
110,2010-12-03,31.4901
111,2010-12-06,30.3099
112,2010-12-07,31.56
113,2010-12-08,32.37
114,2010-12-09,32.0499
115,2010-12-10,31.5201
116,2010-12-13,30.5499
117,2010-12-14,28.53
118,2010-12-15,29.6001
119,2010-12-16,30.81
120,2010-12-17,31.3599
121,2010-12-20,31.7001
122,2010-12-21,32.2599
123,2010-12-22,32.6301
124,2010-12-23,30.09
125,2010-12-27,25.5489
126,2010-12-28,26.4099
127,2010-12-29,27.7299
128,2010-12-30,26.4999
129,2010-12-31,26.6301
130,2011-01-03,26.6199
131,2011-01-04,26.67
132,2011-01-05,26.8299
133,2011-01-06,27.8799
134,2011-01-07,28.2399
135,2011-01-10,28.4499
136,2011-01-11,26.9601
137,2011-01-12,26.9601
138,2011-01-13,26.22
139,2011-01-14,25.7499
140,2011-01-18,25.6401
141,2011-01-19,24.03
142,2011-01-20,22.62
143,2011-01-21,23.04
144,2011-01-24,24.4899
145,2011-01-25,24.6801
146,2011-01-26,24.75
147,2011-01-27,24.9201
148,2011-01-28,24.0099
149,2011-01-31,24.0999
150,2011-02-01,23.91
151,2011-02-02,23.94
152,2011-02-03,23.6301
153,2011-02-04,23.46
154,2011-02-07,23.07
155,2011-02-08,24.4899
156,2011-02-09,23.2101
157,2011-02-10,23.2149
158,2011-02-11,23.25
159,2011-02-14,23.0799
160,2011-02-15,22.8399
161,2011-02-16,24.7299
162,2011-02-17,23.6001
163,2011-02-18,23.1801
164,2011-02-22,21.87
165,2011-02-23,21.8301
166,2011-02-24,22.53
167,2011-02-25,23.61
168,2011-02-28,23.8899
169,2011-03-01,23.94
170,2011-03-02,24.0201
171,2011-03-03,24.36
172,2011-03-04,24.9501
173,2011-03-07,24.9399
174,2011-03-08,24.66
175,2011-03-09,24.72
176,2011-03-10,24.0099
177,2011-03-11,24.0699
178,2011-03-14,23.25
179,2011-03-15,22.95
180,2011-03-16,22.8201
181,2011-03-17,22.8099
182,2011-03-18,22.9599
183,2011-03-21,22.7301
184,2011-03-22,22.1901
185,2011-03-23,22.2099
186,2011-03-24,22.3299
187,2011-03-25,22.7499
188,2011-03-28,23.25
189,2011-03-29,23.9199
190,2011-03-30,23.7099
191,2011-03-31,27.75
192,2011-04-01,26.6601
193,2011-04-04,25.83
194,2011-04-05,26.7
195,2011-04-06,26.49
196,2011-04-07,27.24
197,2011-04-08,26.49
198,2011-04-11,25.2699
199,2011-04-12,24.6501
200,2011-04-13,24.93
201,2011-04-14,25.14
202,2011-04-15,25.5801
203,2011-04-18,25.0299
204,2011-04-19,25.1601
205,2011-04-20,25.7499
206,2011-04-21,26.7399
207,2011-04-25,26.3901
208,2011-04-26,26.9301
209,2011-04-27,27.0801
210,2011-04-28,27.66
211,2011-04-29,27.6
212,2011-05-02,27.45
213,2011-05-03,26.8701
214,2011-05-04,26.6901
215,2011-05-05,26.4399
216,2011-05-06,27.12
217,2011-05-09,27.9099
218,2011-05-10,28.3299
219,2011-05-11,27.0699
220,2011-05-12,27.6699
221,2011-05-13,27.5499
222,2011-05-16,26.6001
223,2011-05-17,25.9599
224,2011-05-18,26.3499
225,2011-05-19,28.2
226,2011-05-20,27.9699
227,2011-05-23,26.82
228,2011-05-24,26.7201
229,2011-05-25,28.98
230,2011-05-26,29.4801
231,2011-05-27,29.55
232,2011-05-31,30.1401
233,2011-06-01,28.5171
234,2011-06-02,28.7601
235,2011-06-03,30.1299
236,2011-06-06,28.7001
237,2011-06-07,28.3701
238,2011-06-08,27.12
239,2011-06-09,27.6201
240,2011-06-10,27.8601
241,2011-06-13,28.4301
242,2011-06-14,28.5999
243,2011-06-15,27.3201
244,2011-06-16,26.4999
245,2011-06-17,26.4999
246,2011-06-20,26.01
247,2011-06-21,27.5301
248,2011-06-22,27.21
249,2011-06-23,27.7101
250,2011-06-24,27.5649
251,2011-06-27,27.4599
252,2011-06-28,28.11
253,2011-06-29,28.29
254,2011-06-30,29.13
255,2011-07-01,29.0199
256,2011-07-05,29.1399
257,2011-07-06,28.9599
258,2011-07-07,29.73
259,2011-07-08,28.8099
260,2011-07-11,28.35
261,2011-07-12,28.17
262,2011-07-13,28.6401
263,2011-07-14,27.6099
264,2011-07-15,27.5799
265,2011-07-18,27.2301
266,2011-07-19,27.8901
267,2011-07-20,28.6899
268,2011-07-21,28.7001
269,2011-07-22,29.2899
270,2011-07-25,28.4901
271,2011-07-26,27.9999
272,2011-07-27,27.6399
273,2011-07-28,28.17
274,2011-07-29,28.17
275,2011-08-01,28.77
276,2011-08-02,27.3399
277,2011-08-03,27.2001
278,2011-08-04,24.75
279,2011-08-05,24.24
280,2011-08-08,23.64
281,2011-08-09,25.0599
282,2011-08-10,23.82
283,2011-08-11,25.2999
284,2011-08-12,26.31
285,2011-08-15,26.2299
286,2011-08-16,26.1
287,2011-08-17,25.83
288,2011-08-18,24.2601
289,2011-08-19,22.2999
290,2011-08-22,21.9501
291,2011-08-23,22.9599
292,2011-08-24,23.8701
293,2011-08-25,23.1099
294,2011-08-26,23.73
295,2011-08-29,24.7101
296,2011-08-30,24.63
297,2011-08-31,24.7401
298,2011-09-01,24.0
299,2011-09-02,23.07
300,2011-09-06,22.9401
301,2011-09-07,23.8401
302,2011-09-08,23.61
303,2011-09-09,22.9701
304,2011-09-12,22.8801
305,2011-09-13,24.0801
306,2011-09-14,24.3399
307,2011-09-15,24.8199
308,2011-09-16,25.8
309,2011-09-19,25.77
310,2011-09-20,26.01
311,2011-09-21,25.8501
312,2011-09-22,25.6299
313,2011-09-23,26.3799
314,2011-09-26,25.5201
315,2011-09-27,26.19
316,2011-09-28,24.5901
317,2011-09-29,24.12
318,2011-09-30,24.39
319,2011-10-03,23.73
320,2011-10-04,23.6601
321,2011-10-05,25.3701
322,2011-10-06,26.9601
323,2011-10-07,26.9901
324,2011-10-10,27.8799
325,2011-10-11,27.6099
326,2011-10-12,27.8001
327,2011-10-13,27.9399
328,2011-10-14,28.05
329,2011-10-17,27.42
330,2011-10-18,28.3401
331,2011-10-19,27.57
332,2011-10-20,27.3399
333,2011-10-21,28.0299
334,2011-10-24,28.5501
335,2011-10-25,28.2501
336,2011-10-26,27.9801
337,2011-10-27,28.7601
338,2011-10-28,29.8701
339,2011-10-31,29.37
340,2011-11-01,28.8801
341,2011-11-02,28.71
342,2011-11-03,32.46
343,2011-11-04,32.31
344,2011-11-07,31.2699
345,2011-11-08,31.8399
346,2011-11-09,30.8799
347,2011-11-10,31.3299
348,2011-11-11,33.6399
349,2011-11-14,33.2199
350,2011-11-15,33.93
351,2011-11-16,34.9401
352,2011-11-17,33.6801
353,2011-11-18,32.6001
354,2011-11-21,31.7601
355,2011-11-22,32.07
356,2011-11-23,31.4499
357,2011-11-25,31.6599
358,2011-11-28,32.5599
359,2011-11-29,31.7499
360,2011-11-30,32.7399
361,2011-12-01,32.6001
362,2011-12-02,33.3
363,2011-12-05,34.4199
364,2011-12-06,34.8699
365,2011-12-07,34.1901
366,2011-12-08,30.8901
367,2011-12-09,31.0401
368,2011-12-12,30.4101
369,2011-12-13,29.4501
370,2011-12-14,28.53
371,2011-12-15,28.62
372,2011-12-16,27.9999
373,2011-12-19,27.75
374,2011-12-20,27.9
375,2011-12-21,27.57
376,2011-12-22,27.7701
377,2011-12-23,27.9
378,2011-12-27,28.5699
379,2011-12-28,28.5099
380,2011-12-29,28.7301
381,2011-12-30,28.56
382,2012-01-03,28.08
383,2012-01-04,27.7101
384,2012-01-05,27.12
385,2012-01-06,26.91
386,2012-01-09,27.2499
387,2012-01-10,27.6201
388,2012-01-11,28.23
389,2012-01-12,28.2501
390,2012-01-13,22.7901
391,2012-01-17,26.6001
392,2012-01-18,26.8101
393,2012-01-19,26.76
394,2012-01-20,26.6001
395,2012-01-23,26.7699
396,2012-01-24,27.42
397,2012-01-25,27.9699
398,2012-01-26,28.9401
399,2012-01-27,29.3301
400,2012-01-30,29.5701
401,2012-01-31,29.07
402,2012-02-01,29.58
403,2012-02-02,30.2499
404,2012-02-03,31.1499
405,2012-02-06,31.8
406,2012-02-07,31.5999
407,2012-02-08,31.9299
408,2012-02-09,32.58
409,2012-02-10,31.1001
410,2012-02-13,31.4901
411,2012-02-14,33.1701
412,2012-02-15,33.6
413,2012-02-16,34.1799
414,2012-02-17,34.9701
415,2012-02-21,34.5
416,2012-02-22,34.2201
417,2012-02-23,34.53
418,2012-02-24,33.75
419,2012-02-27,33.6201
420,2012-02-28,33.81
421,2012-02-29,33.4101
422,2012-03-01,34.41
423,2012-03-02,34.0401
424,2012-03-05,33.7701
425,2012-03-06,33.1101
426,2012-03-07,33.12
427,2012-03-08,33.0699
428,2012-03-09,34.74
429,2012-03-12,36.0099
430,2012-03-13,36.09
431,2012-03-14,35.2899
432,2012-03-15,35.0001
433,2012-03-16,35.3199
434,2012-03-19,34.98
435,2012-03-20,34.9599
436,2012-03-21,35.1501
437,2012-03-22,34.4001
438,2012-03-23,34.08
439,2012-03-26,37.4001
440,2012-03-27,37.9401
441,2012-03-28,37.8501
442,2012-03-29,37.3299
443,2012-03-30,37.2399
444,2012-04-02,36.5799
445,2012-04-03,38.01
446,2012-04-04,35.0001
447,2012-04-05,34.4799
448,2012-04-09,33.15
449,2012-04-10,32.46
450,2012-04-11,33.09
451,2012-04-12,33.4401
452,2012-04-13,33.5901
453,2012-04-16,32.25
454,2012-04-17,32.2401
455,2012-04-18,32.6601
456,2012-04-19,33.1599
457,2012-04-20,33.1599
458,2012-04-23,31.9401
459,2012-04-24,31.8201
460,2012-04-25,32.91
461,2012-04-26,33.4899
462,2012-04-27,33.3399
463,2012-04-30,33.1299
464,2012-05-01,33.78
465,2012-05-02,33.9399
466,2012-05-03,32.46
467,2012-05-04,31.83
468,2012-05-07,32.4699
469,2012-05-08,30.1899
470,2012-05-09,30.06
471,2012-05-10,32.9601
472,2012-05-11,32.25
473,2012-05-14,30.06
474,2012-05-15,29.43
475,2012-05-16,29.1801
476,2012-05-17,28.5699
477,2012-05-18,27.5601
478,2012-05-21,28.77
479,2012-05-22,30.7899
480,2012-05-23,31.02
481,2012-05-24,30.3201
482,2012-05-25,29.8101
483,2012-05-29,31.6899
484,2012-05-30,30.4101
485,2012-05-31,29.4999
486,2012-06-01,28.1499
487,2012-06-04,27.8799
488,2012-06-05,27.9099
489,2012-06-06,29.22
490,2012-06-07,28.9299
491,2012-06-08,30.0801
492,2012-06-11,29.1201
493,2012-06-12,29.6601
494,2012-06-13,29.7699
495,2012-06-14,29.3901
496,2012-06-15,29.91
497,2012-06-18,31.8399
498,2012-06-19,32.0901
499,2012-06-20,33.78
500,2012-06-21,32.19
501,2012-06-22,33.7851
502,2012-06-25,33.1101
503,2012-06-26,31.6101
504,2012-06-27,31.9599
505,2012-06-28,31.41
506,2012-06-29,31.29
507,2012-07-02,30.3999
508,2012-07-03,30.66
509,2012-07-05,31.23
510,2012-07-06,30.99
511,2012-07-09,31.4901
512,2012-07-10,31.2699
513,2012-07-11,31.5099
514,2012-07-12,32.7
515,2012-07-13,34.2501
516,2012-07-16,35.9601
517,2012-07-17,33.3501
518,2012-07-18,32.1501
519,2012-07-19,32.2701
520,2012-07-20,31.7901
521,2012-07-23,30.66
522,2012-07-24,29.8401
523,2012-07-25,28.95
524,2012-07-26,28.1301
525,2012-07-27,29.5101
526,2012-07-30,27.3501
527,2012-07-31,27.42
528,2012-08-01,26.25
529,2012-08-02,26.1
530,2012-08-03,27.27
531,2012-08-06,28.2699
532,2012-08-07,30.2499
533,2012-08-08,29.0901
534,2012-08-09,29.4099
535,2012-08-10,29.94
536,2012-08-13,31.17
537,2012-08-14,29.4201
538,2012-08-15,29.4
539,2012-08-16,30.3
540,2012-08-17,30.0099
541,2012-08-20,29.5101
542,2012-08-21,29.1099
543,2012-08-22,29.9499
544,2012-08-23,30.7299
545,2012-08-24,29.4999
546,2012-08-27,28.32
547,2012-08-28,28.6899
548,2012-08-29,28.41
549,2012-08-30,28.41
550,2012-08-31,28.5201
551,2012-09-04,28.14
552,2012-09-05,27.9399
553,2012-09-06,28.5501
554,2012-09-07,29.3499
555,2012-09-10,27.3699
556,2012-09-11,27.8001
557,2012-09-12,28.2801
558,2012-09-13,29.4801
559,2012-09-14,30.39
560,2012-09-17,32.5401
561,2012-09-18,31.3401
562,2012-09-19,31.05
563,2012-09-20,30.9
564,2012-09-21,30.0201
565,2012-09-24,30.66
566,2012-09-25,27.66
567,2012-09-26,27.54
568,2012-09-27,28.4901
569,2012-09-28,29.28
570,2012-10-01,29.16
571,2012-10-02,29.7999
572,2012-10-03,29.3001
573,2012-10-04,29.4
574,2012-10-05,28.89
575,2012-10-08,29.25
576,2012-10-09,28.3701
577,2012-10-10,28.4001
578,2012-10-11,28.32
579,2012-10-12,27.6399
580,2012-10-15,27.33
581,2012-10-16,28.0599
582,2012-10-17,28.8192
583,2012-10-18,28.0401
584,2012-10-19,27.7401
585,2012-10-22,27.8499
586,2012-10-23,28.3899
587,2012-10-24,27.42
588,2012-10-25,27.5199
589,2012-10-26,27.3801
590,2012-10-31,28.1313
591,2012-11-01,29.2455
592,2012-11-02,28.9182
593,2012-11-05,31.5
594,2012-11-06,31.1499
595,2012-11-07,31.5399
596,2012-11-08,31.3101
597,2012-11-09,30.3201
598,2012-11-12,31.0701
599,2012-11-13,31.6143
600,2012-11-14,31.38
601,2012-11-15,30.8199
602,2012-11-16,31.8399
603,2012-11-19,32.9199
604,2012-11-20,33.0
605,2012-11-21,32.4699
606,2012-11-23,32.13
607,2012-11-26,32.2701
608,2012-11-27,32.1501
609,2012-11-28,33.2301
610,2012-11-29,33.69
611,2012-11-30,33.8199
612,2012-12-03,34.62
613,2012-12-04,33.9
614,2012-12-05,33.7101
615,2012-12-06,33.9
616,2012-12-07,34.17
617,2012-12-10,34.5699
618,2012-12-11,35.28
619,2012-12-12,35.2599
620,2012-12-13,33.6099
621,2012-12-14,33.81
622,2012-12-17,34.4001
623,2012-12-18,34.59
624,2012-12-19,34.6101
625,2012-12-20,34.4301
626,2012-12-21,33.9999
627,2012-12-24,34.2801
628,2012-12-26,33.5901
629,2012-12-27,33.69
630,2012-12-28,33.2199
631,2012-12-31,33.87
632,2013-01-02,35.3601
633,2013-01-03,34.77
634,2013-01-04,34.4001
635,2013-01-07,34.3401
636,2013-01-08,33.6801
637,2013-01-09,33.6399
638,2013-01-10,33.5301
639,2013-01-11,32.91
640,2013-01-14,33.2601
641,2013-01-15,33.9
642,2013-01-16,34.1001
643,2013-01-17,34.38
644,2013-01-18,34.5201
645,2013-01-22,35.19
646,2013-01-23,36.0
647,2013-01-24,36.99
648,2013-01-25,36.9801
649,2013-01-28,38.0301
650,2013-01-29,37.95
651,2013-01-30,37.5201
652,2013-01-31,37.5099
653,2013-02-01,38.3001
654,2013-02-04,37.74
655,2013-02-05,38.13
656,2013-02-06,39.1701
657,2013-02-07,39.48
658,2013-02-08,39.24
659,2013-02-11,38.4201
660,2013-02-12,37.89
661,2013-02-13,38.4501
662,2013-02-14,38.3001
663,2013-02-15,37.0401
664,2013-02-19,39.2799
665,2013-02-20,38.5401
666,2013-02-21,35.16
667,2013-02-22,36.1101
668,2013-02-25,34.38
669,2013-02-26,34.4301
670,2013-02-27,35.1
671,2013-02-28,34.83
672,2013-03-01,34.65
673,2013-03-04,35.58
674,2013-03-05,36.6501
675,2013-03-06,37.6899
676,2013-03-07,38.2299
677,2013-03-08,38.4699
678,2013-03-11,39.0999
679,2013-03-12,39.12
680,2013-03-13,38.9799
681,2013-03-14,36.8499
682,2013-03-15,35.2899
683,2013-03-18,35.1501
684,2013-03-19,35.0799
685,2013-03-20,35.9499
686,2013-03-21,36.0099
687,2013-03-22,36.6201
688,2013-03-25,37.53
689,2013-03-26,37.86
690,2013-03-27,38.16
691,2013-03-28,37.89
692,2013-04-01,43.9299
693,2013-04-02,44.34
694,2013-04-03,41.1
695,2013-04-04,42.0099
696,2013-04-05,41.37
697,2013-04-08,41.8299
698,2013-04-09,40.5
699,2013-04-10,41.8599
700,2013-04-11,43.59
701,2013-04-12,43.7499
702,2013-04-15,43.2999
703,2013-04-16,45.5901
704,2013-04-17,45.45
705,2013-04-18,46.9701
706,2013-04-19,47.8299
707,2013-04-22,50.19
708,2013-04-23,51.0099
709,2013-04-24,50.43
710,2013-04-25,51.9999
711,2013-04-26,51.2001
712,2013-04-29,54.9399
713,2013-04-30,53.9901
714,2013-05-01,53.28
715,2013-05-02,54.1101
716,2013-05-03,54.5499
717,2013-05-06,59.4999
718,2013-05-07,55.5099
719,2013-05-08,55.7865
720,2013-05-09,69.3999
721,2013-05-10,76.764
722,2013-05-13,87.8001
723,2013-05-14,83.2401
724,2013-05-15,84.8421
725,2013-05-16,92.2479
726,2013-05-17,91.5
727,2013-05-20,89.94
728,2013-05-21,87.5901
729,2013-05-22,87.24
730,2013-05-23,92.73
731,2013-05-24,97.08
732,2013-05-28,110.334
733,2013-05-29,104.6289
734,2013-05-30,104.9499
735,2013-05-31,97.7601
736,2013-06-03,92.5899
737,2013-06-04,94.8399
738,2013-06-05,95.37
739,2013-06-06,97.35
740,2013-06-07,102.0399
741,2013-06-10,100.05
742,2013-06-11,94.47
743,2013-06-12,97.7301
744,2013-06-13,98.1801
745,2013-06-14,100.2999
746,2013-06-17,102.2001
747,2013-06-18,103.3899
748,2013-06-19,104.6799
749,2013-06-20,100.65
750,2013-06-21,99.5499
751,2013-06-24,101.49
752,2013-06-25,102.3999
753,2013-06-26,105.72
754,2013-06-27,109.2501
755,2013-06-28,107.3601
756,2013-07-01,117.1791
757,2013-07-02,117.8199
758,2013-07-03,115.2399
759,2013-07-05,120.09
760,2013-07-08,121.6101
761,2013-07-09,123.45
762,2013-07-10,122.2701
763,2013-07-11,125.61
764,2013-07-12,129.9
765,2013-07-15,127.26
766,2013-07-16,109.05
767,2013-07-17,120.2499
768,2013-07-18,119.0301
769,2013-07-19,119.6799
770,2013-07-22,122.43
771,2013-07-23,122.7399
772,2013-07-24,121.7001
773,2013-07-25,124.0701
774,2013-07-26,129.39
775,2013-07-29,134.6199
776,2013-07-30,131.7399
777,2013-07-31,134.28
778,2013-08-01,135.5499
779,2013-08-02,138.0
780,2013-08-05,144.6801
781,2013-08-06,142.1499
782,2013-08-07,134.2299
783,2013-08-08,153.48
784,2013-08-09,153.0
785,2013-08-12,147.3801
786,2013-08-13,145.4301
787,2013-08-14,139.3599
788,2013-08-15,139.6701
789,2013-08-16,141.9999
790,2013-08-19,144.9
791,2013-08-20,149.58
792,2013-08-21,147.8601
793,2013-08-22,157.1001
794,2013-08-23,161.8389
795,2013-08-26,164.22
796,2013-08-27,167.01
797,2013-08-28,166.4499
798,2013-08-29,166.0599
799,2013-08-30,168.9999
800,2013-09-03,168.9399
801,2013-09-04,170.622
802,2013-09-05,169.9299
803,2013-09-06,166.9701
804,2013-09-09,160.7001
805,2013-09-10,166.3701
806,2013-09-11,163.5201
807,2013-09-12,164.9301
808,2013-09-13,165.54
809,2013-09-16,166.5801
810,2013-09-17,166.23
811,2013-09-18,166.218
812,2013-09-19,177.9201
813,2013-09-20,183.39
814,2013-09-23,181.11
815,2013-09-24,182.3301
816,2013-09-25,185.238
817,2013-09-26,188.64
818,2013-09-27,190.8999
819,2013-09-30,193.3701
820,2013-10-01,192.9999
821,2013-10-02,180.9501
822,2013-10-03,173.31
823,2013-10-04,180.9801
824,2013-10-07,183.0699
825,2013-10-08,174.7299
826,2013-10-09,168.78
827,2013-10-10,172.9299
828,2013-10-11,178.7001
829,2013-10-14,179.7201
830,2013-10-15,183.9399
831,2013-10-16,183.5601
832,2013-10-17,182.802
833,2013-10-18,183.3999
834,2013-10-21,172.5999
835,2013-10-22,171.54
836,2013-10-23,164.4999
837,2013-10-24,173.1501
838,2013-10-25,169.6599
839,2013-10-28,162.8601
840,2013-10-29,164.4699
841,2013-10-30,159.2199
842,2013-10-31,159.9399
843,2013-11-01,162.1701
844,2013-11-04,175.2
845,2013-11-05,176.8101
846,2013-11-06,151.1601
847,2013-11-07,139.7721
848,2013-11-08,137.9499
849,2013-11-11,144.6981
850,2013-11-12,137.7999
851,2013-11-13,138.6999
852,2013-11-14,137.6001
853,2013-11-15,135.45
854,2013-11-18,121.5801
855,2013-11-19,126.09
856,2013-11-20,121.11
857,2013-11-21,122.1
858,2013-11-22,121.38
859,2013-11-25,120.84
860,2013-11-26,120.5001
861,2013-11-27,126.9399
862,2013-11-29,127.2801
863,2013-12-02,124.17
864,2013-12-03,144.6999
865,2013-12-04,138.9501
866,2013-12-05,140.4801
867,2013-12-06,137.3601
868,2013-12-09,141.6
869,2013-12-10,142.1901
870,2013-12-11,139.65
871,2013-12-12,147.4701
872,2013-12-13,147.654
873,2013-12-16,147.9399
874,2013-12-17,152.46
875,2013-12-18,147.9801
876,2013-12-19,140.7201
877,2013-12-20,143.2401
878,2013-12-23,143.55
879,2013-12-24,151.41
880,2013-12-26,155.4999
881,2013-12-27,151.1199
882,2013-12-30,152.4399
883,2013-12-31,150.429
884,2014-01-02,150.0999
885,2014-01-03,149.5599
886,2014-01-06,147.0
887,2014-01-07,149.3601
888,2014-01-08,151.2801
889,2014-01-09,147.5301
890,2014-01-10,145.7199
891,2014-01-13,139.3401
892,2014-01-14,161.2701
893,2014-01-15,164.13
894,2014-01-16,170.97
895,2014-01-17,170.01
896,2014-01-21,176.6799
897,2014-01-22,178.56
898,2014-01-23,181.5
899,2014-01-24,174.6
900,2014-01-27,169.62
901,2014-01-28,178.38
902,2014-01-29,175.23
903,2014-01-30,182.8401
904,2014-01-31,181.41
905,2014-02-03,177.1101
906,2014-02-04,178.7301
907,2014-02-05,174.42
908,2014-02-06,178.38
909,2014-02-07,186.5301
910,2014-02-10,196.56
911,2014-02-11,196.62
912,2014-02-12,195.3201
913,2014-02-13,199.6299
914,2014-02-14,198.2301
915,2014-02-18,203.7
916,2014-02-19,193.6401
917,2014-02-20,209.97
918,2014-02-21,209.6001
919,2014-02-24,217.65
920,2014-02-25,248.0001
921,2014-02-26,252.9999
922,2014-02-27,252.54
923,2014-02-28,244.8099
924,2014-03-03,250.56
925,2014-03-04,254.8401
926,2014-03-05,252.66
927,2014-03-06,252.9399
928,2014-03-07,246.21
929,2014-03-10,238.8399
930,2014-03-11,234.4101
931,2014-03-12,241.4901
932,2014-03-13,237.7899
933,2014-03-14,230.97
934,2014-03-17,233.9799
935,2014-03-18,240.0399
936,2014-03-19,235.8399
937,2014-03-20,234.9099
938,2014-03-21,228.8901
939,2014-03-24,220.17
940,2014-03-25,220.44
941,2014-03-26,212.9601
942,2014-03-27,207.3201
943,2014-03-28,212.37
944,2014-03-31,208.4499
945,2014-04-01,216.9699
946,2014-04-02,230.2899
947,2014-04-03,225.3999
948,2014-04-04,212.2251
949,2014-04-07,207.5199
950,2014-04-08,215.46
951,2014-04-09,216.93
952,2014-04-10,204.1899
953,2014-04-11,203.7801
954,2014-04-14,198.09
955,2014-04-15,193.9101
956,2014-04-16,199.11
957,2014-04-17,198.12
958,2014-04-21,204.3801
959,2014-04-22,218.64
960,2014-04-23,207.99
961,2014-04-24,207.8601
962,2014-04-25,199.8501
963,2014-04-28,198.51
964,2014-04-29,206.9199
965,2014-04-30,207.8901
966,2014-05-01,207.7299
967,2014-05-02,210.9099
968,2014-05-05,216.6099
969,2014-05-06,207.2799
970,2014-05-07,201.3501
971,2014-05-08,178.59
972,2014-05-09,182.2599
973,2014-05-12,184.6701
974,2014-05-13,190.1601
975,2014-05-14,190.62
976,2014-05-15,188.5899
977,2014-05-16,191.5599
978,2014-05-19,196.0899
979,2014-05-20,195.3
980,2014-05-21,199.4499
981,2014-05-22,204.8799
982,2014-05-23,207.3
983,2014-05-27,211.56
984,2014-05-28,210.24
985,2014-05-29,210.24
986,2014-05-30,207.7701
987,2014-06-02,204.6999
988,2014-06-03,204.9399
989,2014-06-04,203.9901
990,2014-06-05,206.9001
991,2014-06-06,208.1709
992,2014-06-09,205.3101
993,2014-06-10,202.2999
994,2014-06-11,204.4701
995,2014-06-12,203.52
996,2014-06-13,206.4201
997,2014-06-16,224.61
998,2014-06-17,231.6699
999,2014-06-18,227.1201
1000,2014-06-19,227.79
1001,2014-06-20,229.59
1002,2014-06-23,237.2199
1003,2014-06-24,232.5
1004,2014-06-25,236.8911
1005,2014-06-26,235.5999
1006,2014-06-27,239.0601
1007,2014-06-30,240.06
1008,2014-07-01,239.7201
1009,2014-07-02,229.425
1010,2014-07-03,229.2501
1011,2014-07-07,222.66
1012,2014-07-08,219.0699
1013,2014-07-09,223.0599
1014,2014-07-10,219.4599
1015,2014-07-11,218.13
1016,2014-07-14,226.7001
1017,2014-07-15,219.5799
1018,2014-07-16,217.1601
1019,2014-07-17,215.4
1020,2014-07-18,220.02
1021,2014-07-21,220.5399
1022,2014-07-22,219.5799
1023,2014-07-23,222.4899
1024,2014-07-24,223.5399
1025,2014-07-25,223.5699
1026,2014-07-28,224.82
1027,2014-07-29,225.0099
1028,2014-07-30,228.9201
1029,2014-07-31,223.2999
1030,2014-08-01,233.2701
1031,2014-08-04,238.5201
1032,2014-08-05,238.4901
1033,2014-08-06,248.9301
1034,2014-08-07,252.39
1035,2014-08-08,248.13
1036,2014-08-11,259.32
1037,2014-08-12,259.9599
1038,2014-08-13,260.31
1039,2014-08-14,261.3801
1040,2014-08-15,262.0101
1041,2014-08-18,259.9401
1042,2014-08-19,256.7601
1043,2014-08-20,255.7101
1044,2014-08-21,254.34
1045,2014-08-22,256.7799
1046,2014-08-25,262.5501
1047,2014-08-26,261.7401
1048,2014-08-27,263.25
1049,2014-08-28,263.8599
1050,2014-08-29,269.7
1051,2014-09-02,284.1201
1052,2014-09-03,281.19
1053,2014-09-04,286.0401
1054,2014-09-05,277.3899
1055,2014-09-08,282.1101
1056,2014-09-09,278.4801
1057,2014-09-10,281.1
1058,2014-09-11,280.3101
1059,2014-09-12,279.2001
1060,2014-09-15,253.86
1061,2014-09-16,260.7399
1062,2014-09-17,261.3801
1063,2014-09-18,263.82
1064,2014-09-19,259.32
1065,2014-09-22,250.0299
1066,2014-09-23,250.41
1067,2014-09-24,252.1401
1068,2014-09-25,246.9501
1069,2014-09-26,246.6
1070,2014-09-29,245.2599
1071,2014-09-30,242.6799
1072,2014-10-01,240.24
1073,2014-10-02,251.4201
1074,2014-10-03,255.21
1075,2014-10-06,260.6199
1076,2014-10-07,259.5699
1077,2014-10-08,259.2801
1078,2014-10-09,257.01
1079,2014-10-10,236.91
1080,2014-10-13,224.5899
1081,2014-10-14,227.0601
1082,2014-10-15,229.7001
1083,2014-10-16,226.35
1084,2014-10-17,227.4801
1085,2014-10-20,230.4699
1086,2014-10-21,235.3401
1087,2014-10-22,231.0999
1088,2014-10-23,235.29
1089,2014-10-24,235.2399
1090,2014-10-27,221.67
1091,2014-10-28,242.7699
1092,2014-10-29,238.1001
1093,2014-10-30,238.6599
1094,2014-10-31,241.7001
1095,2014-11-03,242.5899
1096,2014-11-04,238.9299
1097,2014-11-05,230.97
1098,2014-11-06,241.2201
1099,2014-11-07,240.2001
1100,2014-11-10,241.9299
1101,2014-11-11,251.0799
1102,2014-11-12,249.0999
1103,2014-11-13,251.7
1104,2014-11-14,258.6801
1105,2014-11-17,253.98
1106,2014-11-18,257.7
1107,2014-11-19,247.74
1108,2014-11-20,248.7099
1109,2014-11-21,242.7801
1110,2014-11-24,246.72
1111,2014-11-25,248.0901
1112,2014-11-26,248.4399
1113,2014-11-28,244.5201
1114,2014-12-01,231.6399
1115,2014-12-02,231.4299
1116,2014-12-03,229.2999
1117,2014-12-04,228.2799
1118,2014-12-05,223.71
1119,2014-12-08,214.3599
1120,2014-12-09,216.8901
1121,2014-12-10,209.8401
1122,2014-12-11,208.8801
1123,2014-12-12,207.0
1124,2014-12-15,204.0399
1125,2014-12-16,197.8101
1126,2014-12-17,205.8201
1127,2014-12-18,218.2599
1128,2014-12-19,219.2901
1129,2014-12-22,222.6
1130,2014-12-23,220.9701
1131,2014-12-24,222.2601
1132,2014-12-26,227.82
1133,2014-12-29,225.7101
1134,2014-12-30,222.2301
1135,2014-12-31,222.4101
1136,2015-01-02,219.3099
1137,2015-01-05,210.09
1138,2015-01-06,211.2801
1139,2015-01-07,210.9501
1140,2015-01-08,210.615
1141,2015-01-09,206.6601
1142,2015-01-12,202.2099
1143,2015-01-13,204.2499
1144,2015-01-14,192.69
1145,2015-01-15,191.8701
1146,2015-01-16,193.0701
1147,2015-01-20,191.9301
1148,2015-01-21,196.5699
1149,2015-01-22,201.6201
1150,2015-01-23,201.2901
1151,2015-01-26,206.55
1152,2015-01-27,205.98
1153,2015-01-28,199.3701
1154,2015-01-29,205.2
1155,2015-01-30,203.6001
1156,2015-02-02,210.9399
1157,2015-02-03,218.3601
1158,2015-02-04,218.55
1159,2015-02-05,220.9899
1160,2015-02-06,217.3599
1161,2015-02-09,217.4799
1162,2015-02-10,216.2901
1163,2015-02-11,212.7999
1164,2015-02-12,202.8801
1165,2015-02-13,203.7699
1166,2015-02-17,204.3501
1167,2015-02-18,204.4599
1168,2015-02-19,211.7049
1169,2015-02-20,217.11
1170,2015-02-23,207.3351
1171,2015-02-24,204.1101
1172,2015-02-25,203.76
1173,2015-02-26,207.1899
1174,2015-02-27,203.34
1175,2015-03-02,197.325
1176,2015-03-03,199.56
1177,2015-03-04,202.4349
1178,2015-03-05,200.6301
1179,2015-03-06,193.8801
1180,2015-03-09,190.8801
1181,2015-03-10,190.32
1182,2015-03-11,193.74
1183,2015-03-12,191.07
1184,2015-03-13,188.6799
1185,2015-03-16,195.6999
1186,2015-03-17,194.73
1187,2015-03-18,200.7099
1188,2015-03-19,195.6501
1189,2015-03-20,198.0801
1190,2015-03-23,199.6299
1191,2015-03-24,201.72
1192,2015-03-25,194.3001
1193,2015-03-26,190.4049
1194,2015-03-27,185.0001
1195,2015-03-30,190.5699
1196,2015-03-31,188.7699
1197,2015-04-01,187.59
1198,2015-04-02,191.0001
1199,2015-04-06,203.1
1200,2015-04-07,203.25
1201,2015-04-08,207.6699
1202,2015-04-09,210.09
1203,2015-04-10,210.9
1204,2015-04-13,209.7801
1205,2015-04-14,207.4599
1206,2015-04-15,207.8301
1207,2015-04-16,206.7
1208,2015-04-17,206.79
1209,2015-04-20,205.2699
1210,2015-04-21,209.4099
1211,2015-04-22,219.4401
1212,2015-04-23,218.6001
1213,2015-04-24,218.4249
1214,2015-04-27,231.5499
1215,2015-04-28,230.4801
1216,2015-04-29,232.4499
1217,2015-04-30,226.05
1218,2015-05-01,226.0299
1219,2015-05-04,230.5101
1220,2015-05-05,232.95
1221,2015-05-06,230.43
1222,2015-05-07,236.7999
1223,2015-05-08,236.61
1224,2015-05-11,239.49
1225,2015-05-12,244.74
1226,2015-05-13,243.18
1227,2015-05-14,244.1001
1228,2015-05-15,248.8401
1229,2015-05-18,248.7501
1230,2015-05-19,247.14
1231,2015-05-20,244.35
1232,2015-05-21,245.6199
1233,2015-05-22,247.7301
1234,2015-05-26,247.455
1235,2015-05-27,247.4301
1236,2015-05-28,251.4501
1237,2015-05-29,250.8
1238,2015-06-01,249.45
1239,2015-06-02,248.3499
1240,2015-06-03,248.9901
1241,2015-06-04,245.9199
1242,2015-06-05,249.1401
1243,2015-06-08,256.29
1244,2015-06-09,255.9999
1245,2015-06-10,250.7001
1246,2015-06-11,251.4099
1247,2015-06-12,250.6899
1248,2015-06-15,250.38
1249,2015-06-16,253.1199
1250,2015-06-17,260.4099
1251,2015-06-18,261.8901
1252,2015-06-19,262.5099
1253,2015-06-22,259.7901
1254,2015-06-23,267.6699
1255,2015-06-24,265.17
1256,2015-06-25,268.7901
1257,2015-06-26,267.09
1258,2015-06-29,262.02
1259,2015-06-30,268.26
1260,2015-07-01,269.1501
1261,2015-07-02,280.02
1262,2015-07-06,279.72
1263,2015-07-07,267.8799
1264,2015-07-08,254.9601
1265,2015-07-09,257.9199
1266,2015-07-10,259.1499
1267,2015-07-13,262.1601
1268,2015-07-14,265.65
1269,2015-07-15,263.1399
1270,2015-07-16,266.6799
1271,2015-07-17,274.6599
1272,2015-07-20,282.2601
1273,2015-07-21,266.7699
1274,2015-07-22,267.87
1275,2015-07-23,267.2001
1276,2015-07-24,265.41
1277,2015-07-27,253.0101
1278,2015-07-28,264.8199
1279,2015-07-29,263.82
1280,2015-07-30,266.79
1281,2015-07-31,266.1501
1282,2015-08-03,259.9899
1283,2015-08-04,266.28
1284,2015-08-05,270.1299
1285,2015-08-06,246.1299
1286,2015-08-07,242.5101
1287,2015-08-10,241.14
1288,2015-08-11,237.3699
1289,2015-08-12,238.17
1290,2015-08-13,242.5101
1291,2015-08-14,243.15
1292,2015-08-17,254.9901
1293,2015-08-18,260.7201
1294,2015-08-19,255.2499
1295,2015-08-20,242.1801
1296,2015-08-21,230.7699
1297,2015-08-24,218.8701
1298,2015-08-25,220.0299
1299,2015-08-26,224.8401
1300,2015-08-27,242.9901
1301,2015-08-28,248.4801
1302,2015-08-31,249.06
1303,2015-09-01,238.6299
1304,2015-09-02,247.6899
1305,2015-09-03,245.5701
1306,2015-09-04,241.9299
1307,2015-09-08,248.1699
1308,2015-09-09,248.91
1309,2015-09-10,248.4801
1310,2015-09-11,250.2399
1311,2015-09-14,253.1901
1312,2015-09-15,253.5699
1313,2015-09-16,262.2501
1314,2015-09-17,262.0701
1315,2015-09-18,260.6199
1316,2015-09-21,264.2001
1317,2015-09-22,260.94
1318,2015-09-23,261.06
1319,2015-09-24,263.1201
1320,2015-09-25,256.9101
1321,2015-09-28,248.43
1322,2015-09-29,246.6501
1323,2015-09-30,248.4
1324,2015-10-01,239.88
1325,2015-10-02,247.5699
1326,2015-10-05,246.15
1327,2015-10-06,241.4601
1328,2015-10-07,231.96
1329,2015-10-08,226.7199
1330,2015-10-09,220.6899
1331,2015-10-12,215.58
1332,2015-10-13,219.2499
1333,2015-10-14,216.8799
1334,2015-10-15,221.31
1335,2015-10-16,227.01
1336,2015-10-19,228.0999
1337,2015-10-20,213.03
1338,2015-10-21,210.09
1339,2015-10-22,211.7199
1340,2015-10-23,209.0901
1341,2015-10-26,215.2599
1342,2015-10-27,210.3501
1343,2015-10-28,212.9601
1344,2015-10-29,211.6299
1345,2015-10-30,206.9301
1346,2015-11-02,213.7899
1347,2015-11-03,208.35
1348,2015-11-04,231.63
1349,2015-11-05,231.7701
1350,2015-11-06,232.3599
1351,2015-11-09,225.33
1352,2015-11-10,216.5001
1353,2015-11-11,219.0801
1354,2015-11-12,212.94
1355,2015-11-13,207.1899
1356,2015-11-16,214.3101
1357,2015-11-17,213.9999
1358,2015-11-18,221.07
1359,2015-11-19,221.7999
1360,2015-11-20,220.0101
1361,2015-11-23,217.7499
1362,2015-11-24,218.25
1363,2015-11-25,229.6401
1364,2015-11-27,231.6099
1365,2015-11-30,230.2599
1366,2015-12-01,237.1899
1367,2015-12-02,231.99
1368,2015-12-03,232.71
1369,2015-12-04,230.3799
1370,2015-12-07,231.1299
1371,2015-12-08,226.7199
1372,2015-12-09,224.52
1373,2015-12-10,227.07
1374,2015-12-11,217.02
1375,2015-12-14,218.58
1376,2015-12-15,221.0901
1377,2015-12-16,234.51
1378,2015-12-17,233.3901
1379,2015-12-18,230.46
1380,2015-12-21,232.56
1381,2015-12-22,229.95
1382,2015-12-23,229.7001
1383,2015-12-24,230.5701
1384,2015-12-28,228.9501
1385,2015-12-29,237.1899
1386,2015-12-30,238.0899
1387,2015-12-31,240.0099
1388,2016-01-04,223.41
1389,2016-01-05,223.4301
1390,2016-01-06,219.0399
1391,2016-01-07,215.6499
1392,2016-01-08,210.9999
1393,2016-01-11,207.8499
1394,2016-01-12,209.97
1395,2016-01-13,200.31
1396,2016-01-14,206.1801
1397,2016-01-15,204.99
1398,2016-01-19,204.72
1399,2016-01-20,198.6999
1400,2016-01-21,199.9701
1401,2016-01-22,202.5501
1402,2016-01-25,196.38
1403,2016-01-26,193.56
1404,2016-01-27,188.07
1405,2016-01-28,189.6999
1406,2016-01-29,191.1999
1407,2016-02-01,196.9401
1408,2016-02-02,182.7801
1409,2016-02-03,173.4801
1410,2016-02-04,175.3299
1411,2016-02-05,162.6
1412,2016-02-08,147.99
1413,2016-02-09,148.2501
1414,2016-02-10,143.67
1415,2016-02-11,150.4701
1416,2016-02-12,151.0401
1417,2016-02-16,155.1699
1418,2016-02-17,168.6801
1419,2016-02-18,166.77
1420,2016-02-19,166.5801
1421,2016-02-22,177.7401
1422,2016-02-23,177.21
1423,2016-02-24,179.0001
1424,2016-02-25,187.4301
1425,2016-02-26,190.3401
1426,2016-02-29,191.9301
1427,2016-03-01,186.3501
1428,2016-03-02,188.34
1429,2016-03-03,195.7401
1430,2016-03-04,201.0399
1431,2016-03-07,205.29
1432,2016-03-08,202.5999
1433,2016-03-09,208.7199
1434,2016-03-10,205.1799
1435,2016-03-11,207.5001
1436,2016-03-14,215.1501
1437,2016-03-15,218.34
1438,2016-03-16,221.9301
1439,2016-03-17,226.38
1440,2016-03-18,232.74
1441,2016-03-21,238.32
1442,2016-03-22,234.24
1443,2016-03-23,222.5799
1444,2016-03-24,227.7501
1445,2016-03-28,230.2599
1446,2016-03-29,230.13
1447,2016-03-30,226.89
1448,2016-03-31,229.77
1449,2016-04-01,237.5901
1450,2016-04-04,246.99
1451,2016-04-05,255.4701
1452,2016-04-06,265.4199
1453,2016-04-07,257.1999
1454,2016-04-08,250.0701
1455,2016-04-11,249.9201
1456,2016-04-12,247.8201
1457,2016-04-13,254.5299
1458,2016-04-14,251.8599
1459,2016-04-15,254.5101
1460,2016-04-18,253.8801
1461,2016-04-19,247.3701
1462,2016-04-20,249.9699
1463,2016-04-21,248.2899
1464,2016-04-22,253.7499
1465,2016-04-25,251.82
1466,2016-04-26,253.74
1467,2016-04-27,251.4699
1468,2016-04-28,247.71
1469,2016-04-29,240.7599
1470,2016-05-02,241.8
1471,2016-05-03,232.32
1472,2016-05-04,222.5601
1473,2016-05-05,211.53
1474,2016-05-06,214.9299
1475,2016-05-09,208.92
1476,2016-05-10,208.6899
1477,2016-05-11,208.9599
1478,2016-05-12,207.2799
1479,2016-05-13,207.6099
1480,2016-05-16,208.29
1481,2016-05-17,204.66
1482,2016-05-18,211.17
1483,2016-05-19,215.2101
1484,2016-05-20,220.2801
1485,2016-05-23,216.2199
1486,2016-05-24,217.9101
1487,2016-05-25,219.5799
1488,2016-05-26,225.12
1489,2016-05-27,223.0401
1490,2016-05-31,223.23
1491,2016-06-01,219.5601
1492,2016-06-02,218.9601
1493,2016-06-03,218.9901
1494,2016-06-06,220.68
1495,2016-06-07,232.3401
1496,2016-06-08,235.5201
1497,2016-06-09,229.3599
1498,2016-06-10,218.79
1499,2016-06-13,217.8699
1500,2016-06-14,214.9599
1501,2016-06-15,217.7001
1502,2016-06-16,217.9299
1503,2016-06-17,215.4699
1504,2016-06-20,219.6999
1505,2016-06-21,219.6099
1506,2016-06-22,196.6599
1507,2016-06-23,196.4001
1508,2016-06-24,193.1499
1509,2016-06-27,198.5499
1510,2016-06-28,201.7899
1511,2016-06-29,210.1899
1512,2016-06-30,212.28
1513,2016-07-01,216.5001
1514,2016-07-05,213.9801
1515,2016-07-06,214.44
1516,2016-07-07,215.94
1517,2016-07-08,216.78
1518,2016-07-11,224.7801
1519,2016-07-12,224.6499
1520,2016-07-13,222.5301
1521,2016-07-14,221.5299
1522,2016-07-15,220.4001
1523,2016-07-18,226.2501
1524,2016-07-19,225.2601
1525,2016-07-20,228.36
1526,2016-07-21,220.5
1527,2016-07-22,222.27
1528,2016-07-25,230.01
1529,2016-07-26,229.5099
1530,2016-07-27,228.4899
1531,2016-07-28,230.61
1532,2016-07-29,234.7899
1533,2016-08-01,230.01
1534,2016-08-02,227.1999
1535,2016-08-03,225.7899
1536,2016-08-04,230.61
1537,2016-08-05,230.0301
1538,2016-08-08,226.1601
1539,2016-08-09,229.08
1540,2016-08-10,225.6501
1541,2016-08-11,224.91
1542,2016-08-12,225.6099
1543,2016-08-15,225.5901
1544,2016-08-16,223.6101
1545,2016-08-17,223.2399
1546,2016-08-18,223.5099
1547,2016-08-19,225.0
1548,2016-08-22,222.93
1549,2016-08-23,224.8401
1550,2016-08-24,222.6201
1551,2016-08-25,220.9599
1552,2016-08-26,219.99
1553,2016-08-29,215.1999
1554,2016-08-30,211.3401
1555,2016-08-31,212.01
1556,2016-09-01,200.7699
1557,2016-09-02,197.7801
1558,2016-09-06,202.83
1559,2016-09-07,201.7101
1560,2016-09-08,197.3601
1561,2016-09-09,194.4699
1562,2016-09-12,198.3
1563,2016-09-13,196.05
1564,2016-09-14,196.41
1565,2016-09-15,200.4201
1566,2016-09-16,205.4001
1567,2016-09-19,206.34
1568,2016-09-20,204.6399
1569,2016-09-21,205.2201
1570,2016-09-22,206.43
1571,2016-09-23,207.45
1572,2016-09-26,208.9899
1573,2016-09-27,205.8099
1574,2016-09-28,206.2701
1575,2016-09-29,200.7
1576,2016-09-30,204.03
1577,2016-10-03,213.6999
1578,2016-10-04,211.41
1579,2016-10-05,208.4601
1580,2016-10-06,201.0
1581,2016-10-07,196.6101
1582,2016-10-10,200.9499
1583,2016-10-11,200.1
1584,2016-10-12,201.51
1585,2016-10-13,200.2401
1586,2016-10-14,196.5099
1587,2016-10-17,193.9599
1588,2016-10-18,199.1001
1589,2016-10-19,203.5599
1590,2016-10-20,199.1001
1591,2016-10-21,200.0901
1592,2016-10-24,202.7601
1593,2016-10-25,202.3401
1594,2016-10-26,202.2399
1595,2016-10-27,204.0099
1596,2016-10-28,199.9701
1597,2016-10-31,197.73
1598,2016-11-01,190.7901
1599,2016-11-02,188.0199
1600,2016-11-03,187.4199
1601,2016-11-04,190.56
1602,2016-11-07,193.2099
1603,2016-11-08,194.94
1604,2016-11-09,190.0599
1605,2016-11-10,185.3499
1606,2016-11-11,188.5599
1607,2016-11-14,181.4499
1608,2016-11-15,183.7701
1609,2016-11-16,183.93
1610,2016-11-17,188.6601
1611,2016-11-18,185.0199
1612,2016-11-21,184.5201
1613,2016-11-22,191.1699
1614,2016-11-23,193.14
1615,2016-11-25,196.65
1616,2016-11-28,196.1199
1617,2016-11-29,189.57
1618,2016-11-30,189.3999
1619,2016-12-01,181.8801
1620,2016-12-02,181.47
1621,2016-12-05,186.8001
1622,2016-12-06,185.85
1623,2016-12-07,193.1499
1624,2016-12-08,192.2901
1625,2016-12-09,192.18
1626,2016-12-12,192.4299
1627,2016-12-13,198.15
1628,2016-12-14,198.69
1629,2016-12-15,197.58
1630,2016-12-16,202.4901
1631,2016-12-19,202.7301
1632,2016-12-20,208.7901
1633,2016-12-21,207.6999
1634,2016-12-22,208.4499
1635,2016-12-23,213.3399
1636,2016-12-27,219.5301
1637,2016-12-28,219.7401
1638,2016-12-29,214.68
1639,2016-12-30,213.69
1640,2017-01-03,216.99
1641,2017-01-04,226.9899
1642,2017-01-05,226.7499
1643,2017-01-06,229.0101
1644,2017-01-09,231.2799
1645,2017-01-10,229.8699
1646,2017-01-11,229.7301
1647,2017-01-12,229.59
1648,2017-01-13,237.75
1649,2017-01-17,235.5801
1650,2017-01-18,238.3599
1651,2017-01-19,243.7599
1652,2017-01-20,244.7301
1653,2017-01-23,248.9199
1654,2017-01-24,254.61
1655,2017-01-25,254.4699
1656,2017-01-26,252.51
1657,2017-01-27,252.9501
1658,2017-01-30,250.6299
1659,2017-01-31,251.9301
1660,2017-02-01,249.24
1661,2017-02-02,251.55
1662,2017-02-03,251.3301
1663,2017-02-06,257.7699
1664,2017-02-07,257.4801
1665,2017-02-08,262.08
1666,2017-02-09,269.1999
1667,2017-02-10,269.2299
1668,2017-02-13,280.5999
1669,2017-02-14,280.98
1670,2017-02-15,279.7599
1671,2017-02-16,268.95
1672,2017-02-17,272.2299
1673,2017-02-21,277.3899
1674,2017-02-22,273.51
1675,2017-02-23,255.99
1676,2017-02-24,257.0001
1677,2017-02-27,246.2301
1678,2017-02-28,249.99
1679,2017-03-01,250.02
1680,2017-03-02,250.4799
1681,2017-03-03,251.5701
1682,2017-03-06,251.2101
1683,2017-03-07,248.5899
1684,2017-03-08,246.87
1685,2017-03-09,244.8999
1686,2017-03-10,243.69
1687,2017-03-13,246.1701
1688,2017-03-14,258.0
1689,2017-03-15,255.7299
1690,2017-03-16,262.05
1691,2017-03-17,261.5001
1692,2017-03-20,261.9201
1693,2017-03-21,250.68
1694,2017-03-22,255.0099
1695,2017-03-23,254.7801
1696,2017-03-24,263.16
1697,2017-03-27,270.2199
1698,2017-03-28,277.4499
1699,2017-03-29,277.38
1700,2017-03-30,277.92
1701,2017-03-31,278.3001
1702,2017-04-03,298.5201
1703,2017-04-04,303.6999
1704,2017-04-05,294.9999
1705,2017-04-06,298.7001
1706,2017-04-07,302.5401
1707,2017-04-10,312.39
1708,2017-04-11,308.7099
1709,2017-04-12,296.8401
1710,2017-04-13,303.9999
1711,2017-04-17,301.44
1712,2017-04-18,300.2499
1713,2017-04-19,305.52
1714,2017-04-20,302.5101
1715,2017-04-21,305.6001
1716,2017-04-24,308.0301
1717,2017-04-25,313.7901
1718,2017-04-26,310.17
1719,2017-04-27,308.6301
1720,2017-04-28,314.07
1721,2017-05-01,322.83
1722,2017-05-02,318.8901
1723,2017-05-03,311.0199
1724,2017-05-04,295.4601
1725,2017-05-05,308.3499
1726,2017-05-08,307.1901
1727,2017-05-09,321.2601
1728,2017-05-10,325.2201
1729,2017-05-11,323.1
1730,2017-05-12,324.81
1731,2017-05-15,315.8799
1732,2017-05-16,317.01
1733,2017-05-17,306.1101
1734,2017-05-18,313.0599
1735,2017-05-19,310.83
1736,2017-05-22,310.35
1737,2017-05-23,303.8601
1738,2017-05-24,310.2201
1739,2017-05-25,316.83
1740,2017-05-26,325.14
1741,2017-05-30,335.1
1742,2017-05-31,341.01
1743,2017-06-01,340.3701
1744,2017-06-02,339.8499
1745,2017-06-05,347.3199
1746,2017-06-06,352.8501
1747,2017-06-07,359.6499
1748,2017-06-08,369.9999
1749,2017-06-09,357.3201
1750,2017-06-12,359.01
1751,2017-06-13,375.9501
1752,2017-06-14,380.6601
1753,2017-06-15,375.3399
1754,2017-06-16,371.4
1755,2017-06-19,369.8001
1756,2017-06-20,372.24
1757,2017-06-21,376.4001
1758,2017-06-22,382.6101
1759,2017-06-23,383.4501
1760,2017-06-26,377.49
1761,2017-06-27,362.37
1762,2017-06-28,371.2401
1763,2017-06-29,360.75
1764,2017-06-30,361.6101
1765,2017-07-03,352.62
1766,2017-07-05,327.09
1767,2017-07-06,308.8299
1768,2017-07-07,313.2201
1769,2017-07-10,316.05
1770,2017-07-11,327.2199
1771,2017-07-12,329.52
1772,2017-07-13,323.4099
1773,2017-07-14,327.78
1774,2017-07-17,319.5699
1775,2017-07-18,328.2399
1776,2017-07-19,325.26
1777,2017-07-20,329.9199
1778,2017-07-21,328.4001
1779,2017-07-24,342.5199
1780,2017-07-25,339.6
1781,2017-07-26,343.8501
1782,2017-07-27,334.4601
1783,2017-07-28,335.07
1784,2017-07-31,323.4699
1785,2017-08-01,319.5699
1786,2017-08-02,325.89
1787,2017-08-03,347.0901
1788,2017-08-04,356.91
1789,2017-08-07,355.17
1790,2017-08-08,365.22
1791,2017-08-09,363.5301
1792,2017-08-10,355.4001
1793,2017-08-11,357.87
1794,2017-08-14,363.8001
1795,2017-08-15,362.3301
1796,2017-08-16,362.91
1797,2017-08-17,351.9201
1798,2017-08-18,347.46
1799,2017-08-21,337.86
1800,2017-08-22,341.3502
1801,2017-08-23,352.77
1802,2017-08-24,352.9299
1803,2017-08-25,348.0501
1804,2017-08-28,345.66
1805,2017-08-29,347.3601
1806,2017-08-30,353.1801
1807,2017-08-31,355.8999
1808,2017-09-01,355.4001
1809,2017-09-05,349.59
1810,2017-09-06,344.5299
1811,2017-09-07,350.61
1812,2017-09-08,343.4001
1813,2017-09-11,363.69
1814,2017-09-12,362.7501
1815,2017-09-13,366.2301
1816,2017-09-14,377.64
1817,2017-09-15,379.8099
1818,2017-09-18,384.9999
1819,2017-09-19,375.1002
1820,2017-09-20,373.9101
1821,2017-09-21,366.48
1822,2017-09-22,351.09
1823,2017-09-25,344.9901
1824,2017-09-26,345.2499
1825,2017-09-27,340.9701
1826,2017-09-28,339.6
1827,2017-09-29,341.1
1828,2017-10-02,341.5299
1829,2017-10-03,348.1401
1830,2017-10-04,355.0101
1831,2017-10-05,355.3299
1832,2017-10-06,356.88
1833,2017-10-09,342.9399
1834,2017-10-10,355.59
1835,2017-10-11,354.6
1836,2017-10-12,355.68
1837,2017-10-13,355.5699
1838,2017-10-16,350.6001
1839,2017-10-17,355.7499
1840,2017-10-18,359.6499
1841,2017-10-19,351.81
1842,2017-10-20,345.1002
1843,2017-10-23,337.02
1844,2017-10-24,337.3401
1845,2017-10-25,325.8399
1846,2017-10-26,326.1699
1847,2017-10-27,320.8701
1848,2017-10-30,320.0799
1849,2017-10-31,331.53
1850,2017-11-01,321.0801
1851,2017-11-02,299.2599
1852,2017-11-03,306.09
1853,2017-11-06,302.7801
1854,2017-11-07,306.0501
1855,2017-11-08,304.3899
1856,2017-11-09,302.9901
1857,2017-11-10,302.9901
1858,2017-11-13,315.3999
1859,2017-11-14,308.7
1860,2017-11-15,311.3001
1861,2017-11-16,312.5001
1862,2017-11-17,315.0501
1863,2017-11-20,308.7399
1864,2017-11-21,317.8101
1865,2017-11-22,312.6
1866,2017-11-24,315.5499
1867,2017-11-27,316.8099
1868,2017-11-28,317.55
1869,2017-11-29,307.5399
1870,2017-11-30,308.85
1871,2017-12-01,306.5301
1872,2017-12-04,305.1999
1873,2017-12-05,303.6999
1874,2017-12-06,313.26
1875,2017-12-07,311.2401
1876,2017-12-08,315.1299
1877,2017-12-11,328.9101
1878,2017-12-12,341.0301
1879,2017-12-13,339.03
1880,2017-12-14,337.89
1881,2017-12-15,343.4499
1882,2017-12-18,338.8701
1883,2017-12-19,331.1001
1884,2017-12-20,328.98
1885,2017-12-21,331.6599
1886,2017-12-22,325.2
1887,2017-12-26,317.2899
1888,2017-12-27,311.64
1889,2017-12-28,315.36
1890,2017-12-29,311.3499
1891,2018-01-02,320.5302
1892,2018-01-03,317.25
1893,2018-01-04,314.6199
1894,2018-01-05,316.5801
1895,2018-01-08,336.4101
1896,2018-01-09,333.69
1897,2018-01-10,334.8
1898,2018-01-11,337.95
1899,2018-01-12,336.2202
1900,2018-01-16,340.0599
1901,2018-01-17,347.16
1902,2018-01-18,344.5701
1903,2018-01-19,350.0199
1904,2018-01-22,351.5601
1905,2018-01-23,352.7901
1906,2018-01-24,345.8901
1907,2018-01-25,337.6401
1908,2018-01-26,342.8499
1909,2018-01-29,349.53
1910,2018-01-30,345.8199
1911,2018-01-31,354.3099
1912,2018-02-01,349.2501
1913,2018-02-02,343.7499
1914,2018-02-05,333.1299
1915,2018-02-06,333.9699
1916,2018-02-07,345.0
1917,2018-02-08,315.2301
1918,2018-02-09,310.4199
1919,2018-02-12,315.7299
1920,2018-02-13,323.6601
1921,2018-02-14,322.3101
1922,2018-02-15,334.065
1923,2018-02-16,335.49
1924,2018-02-20,334.77
1925,2018-02-21,333.3
1926,2018-02-22,346.17
1927,2018-02-23,352.05
1928,2018-02-26,357.42
1929,2018-02-27,350.9901
1930,2018-02-28,343.0599
1931,2018-03-01,330.93
1932,2018-03-02,335.1201
1933,2018-03-05,333.3501
1934,2018-03-06,328.2
1935,2018-03-07,332.3001
1936,2018-03-08,329.1
1937,2018-03-09,327.1701
1938,2018-03-12,345.51
1939,2018-03-13,341.8401
1940,2018-03-14,326.6301
1941,2018-03-15,325.5999
1942,2018-03-16,321.3501
1943,2018-03-19,313.56
1944,2018-03-20,310.5501
1945,2018-03-21,316.53
1946,2018-03-22,309.0999
1947,2018-03-23,301.5399
1948,2018-03-26,304.1799
1949,2018-03-27,279.18
1950,2018-03-28,257.7801
1951,2018-03-29,266.13
1952,2018-04-02,252.48
1953,2018-04-03,267.5301
1954,2018-04-04,286.9401
1955,2018-04-05,305.7201
1956,2018-04-06,299.3001
1957,2018-04-09,289.6599
1958,2018-04-10,304.7001
1959,2018-04-11,300.93
1960,2018-04-12,294.0801
1961,2018-04-13,300.3399
1962,2018-04-16,291.21
1963,2018-04-17,287.6901
1964,2018-04-18,293.3499
1965,2018-04-19,300.0801
1966,2018-04-20,290.2401
1967,2018-04-23,283.3701
1968,2018-04-24,283.4601
1969,2018-04-25,280.6899
1970,2018-04-26,285.48
1971,2018-04-27,294.075
1972,2018-04-30,293.9001
1973,2018-05-01,299.9199
1974,2018-05-02,301.1499
1975,2018-05-03,284.4501
1976,2018-05-04,294.09
1977,2018-05-07,302.7699
1978,2018-05-08,301.9701
1979,2018-05-09,306.8499
1980,2018-05-10,305.0199
1981,2018-05-11,301.0599
1982,2018-05-14,291.9699
1983,2018-05-15,284.1801
1984,2018-05-16,286.4799
1985,2018-05-17,284.5401
1986,2018-05-18,276.8199
1987,2018-05-21,284.49
1988,2018-05-22,275.01
1989,2018-05-23,279.0699
1990,2018-05-24,277.8501
1991,2018-05-25,278.85
1992,2018-05-29,283.7601
1993,2018-05-30,291.72
1994,2018-05-31,284.73
1995,2018-06-01,291.8199
1996,2018-06-04,296.7399
1997,2018-06-05,291.1299
1998,2018-06-06,319.5
1999,2018-06-07,316.0899
2000,2018-06-08,317.6601
2001,2018-06-11,332.1
2002,2018-06-12,342.7701
2003,2018-06-13,344.7801
2004,2018-06-14,357.72
2005,2018-06-15,358.17
2006,2018-06-18,370.83
2007,2018-06-19,352.5501
2008,2018-06-20,362.22
2009,2018-06-21,347.5101
2010,2018-06-22,333.63
2011,2018-06-25,333.0099
2012,2018-06-26,342.0
2013,2018-06-27,344.4999
2014,2018-06-28,349.9299
2015,2018-06-29,342.9501
2016,2018-07-02,335.07
2017,2018-07-03,310.86
2018,2018-07-05,309.1599
2019,2018-07-06,308.9001
2020,2018-07-09,318.51
2021,2018-07-10,322.47
2022,2018-07-11,318.96
2023,2018-07-12,316.71
2024,2018-07-13,318.87
2025,2018-07-16,310.1001
2026,2018-07-17,322.6899
2027,2018-07-18,323.85
2028,2018-07-19,320.2299
2029,2018-07-20,313.5801
2030,2018-07-23,303.2001
2031,2018-07-24,297.4299
2032,2018-07-25,308.7399
2033,2018-07-26,306.6501
2034,2018-07-27,297.18
2035,2018-07-30,290.1699
2036,2018-07-31,298.14
2037,2018-08-01,300.84
2038,2018-08-02,349.5402
2039,2018-08-03,348.1701
2040,2018-08-06,341.9901
2041,2018-08-07,379.5699
2042,2018-08-08,370.3401
2043,2018-08-09,352.4499
2044,2018-08-10,355.4901
2045,2018-08-13,356.4099
2046,2018-08-14,347.64
2047,2018-08-15,338.6901
2048,2018-08-16,335.4501
2049,2018-08-17,305.4999
2050,2018-08-20,308.4399
2051,2018-08-21,321.9
2052,2018-08-22,321.6399
2053,2018-08-23,320.1
2054,2018-08-24,322.8201
2055,2018-08-27,319.2699
2056,2018-08-28,311.8599
2057,2018-08-29,305.01
2058,2018-08-30,303.15
2059,2018-08-31,301.6599
2060,2018-09-04,288.9501
2061,2018-09-05,280.74
2062,2018-09-06,280.95
2063,2018-09-07,263.2401
2064,2018-09-10,285.5001
2065,2018-09-11,279.4401
2066,2018-09-12,290.5401
2067,2018-09-13,289.4601
2068,2018-09-14,295.2
2069,2018-09-17,294.84
2070,2018-09-18,284.9601
2071,2018-09-19,299.0199
2072,2018-09-20,298.3299
2073,2018-09-21,299.1
2074,2018-09-24,299.6799
2075,2018-09-25,300.99
2076,2018-09-26,309.5799
2077,2018-09-27,307.5201
2078,2018-09-28,264.7701
2079,2018-10-01,310.7001
2080,2018-10-02,301.02
2081,2018-10-03,294.8001
2082,2018-10-04,281.8299
2083,2018-10-05,261.9501
2084,2018-10-08,250.56
2085,2018-10-09,262.8
2086,2018-10-10,256.8801
2087,2018-10-11,252.2301
2088,2018-10-12,258.78
2089,2018-10-15,259.59
2090,2018-10-16,276.5901
2091,2018-10-17,271.7799
2092,2018-10-18,263.91
2093,2018-10-19,260.0001
2094,2018-10-22,260.9499
2095,2018-10-23,294.1401
2096,2018-10-24,288.5001
2097,2018-10-25,314.8599
2098,2018-10-26,330.9
2099,2018-10-29,334.8501
2100,2018-10-30,329.9001
2101,2018-10-31,337.32
2102,2018-11-01,344.28
2103,2018-11-02,346.41
2104,2018-11-05,341.4
2105,2018-11-06,341.0601
2106,2018-11-07,348.1599
2107,2018-11-08,351.3999
2108,2018-11-09,350.5101
2109,2018-11-12,331.2801
2110,2018-11-13,338.73
2111,2018-11-14,344.0001
2112,2018-11-15,348.4401
2113,2018-11-16,354.3099
2114,2018-11-19,353.4699
2115,2018-11-20,347.49
2116,2018-11-21,338.19
2117,2018-11-23,325.83
2118,2018-11-26,345.9999
2119,2018-11-27,343.92
2120,2018-11-28,347.8701
2121,2018-11-29,341.1699
2122,2018-11-30,350.4801
2123,2018-12-03,358.4901
2124,2018-12-04,359.7
2125,2018-12-06,363.06
2126,2018-12-07,357.9651
2127,2018-12-10,365.1501
2128,2018-12-11,366.7599
2129,2018-12-12,366.6
2130,2018-12-13,376.7901
2131,2018-12-14,365.7099
2132,2018-12-17,348.42
2133,2018-12-18,337.0299
2134,2018-12-19,332.97
2135,2018-12-20,315.3801
2136,2018-12-21,319.77
2137,2018-12-24,295.3899
2138,2018-12-26,326.0901
2139,2018-12-27,316.1301
2140,2018-12-28,333.87
2141,2018-12-31,332.7999
2142,2019-01-02,310.1199
2143,2019-01-03,300.36
2144,2019-01-04,317.6901
2145,2019-01-07,334.9599
2146,2019-01-08,335.3499
2147,2019-01-09,338.5299
2148,2019-01-10,344.97
2149,2019-01-11,347.2599
2150,2019-01-14,334.4001
2151,2019-01-15,344.43
2152,2019-01-16,346.05
2153,2019-01-17,347.31
2154,2019-01-18,302.2599
2155,2019-01-22,298.92
2156,2019-01-23,287.5899
2157,2019-01-24,291.51
2158,2019-01-25,297.0399
2159,2019-01-28,296.3799
2160,2019-01-29,297.4599
2161,2019-01-30,308.7699
2162,2019-01-31,307.02
2163,2019-02-01,312.21
2164,2019-02-04,312.8901
2165,2019-02-05,321.3501
2166,2019-02-06,317.22
2167,2019-02-07,307.5099
2168,2019-02-08,305.7999
2169,2019-02-11,312.84
2170,2019-02-12,311.8101
2171,2019-02-13,308.1699
2172,2019-02-14,303.7701
2173,2019-02-15,307.8801
2174,2019-02-19,305.64
2175,2019-02-20,302.5599
2176,2019-02-21,291.2301
2177,2019-02-22,294.7101
2178,2019-02-25,298.77
2179,2019-02-26,297.8601
2180,2019-02-27,314.7399
2181,2019-02-28,319.8801
2182,2019-03-01,294.7899
2183,2019-03-04,285.36
2184,2019-03-05,276.54
2185,2019-03-06,276.24
2186,2019-03-07,276.5901
2187,2019-03-08,284.1399
2188,2019-03-11,290.9199
2189,2019-03-12,283.3599
2190,2019-03-13,288.96
2191,2019-03-14,289.9599
2192,2019-03-15,275.43
2193,2019-03-18,269.49
2194,2019-03-19,267.4701
2195,2019-03-20,273.6
2196,2019-03-21,274.02
2197,2019-03-22,264.5301
2198,2019-03-25,260.4201
2199,2019-03-26,267.7701
2200,2019-03-27,274.83
2201,2019-03-28,278.6199
2202,2019-03-29,279.8601
2203,2019-04-01,289.1799
2204,2019-04-02,285.8799
2205,2019-04-03,291.81
2206,2019-04-04,267.78
2207,2019-04-05,274.9599
2208,2019-04-08,273.2001
2209,2019-04-09,272.31
2210,2019-04-10,276.06
2211,2019-04-11,268.4199
2212,2019-04-12,267.6999
2213,2019-04-15,266.3799
2214,2019-04-16,273.36
2215,2019-04-17,271.23
2216,2019-04-18,273.2601
2217,2019-04-22,262.7499
2218,2019-04-23,263.9001
2219,2019-04-24,258.66
2220,2019-04-25,247.6299
2221,2019-04-26,235.14
2222,2019-04-29,241.47
2223,2019-04-30,238.6899
2224,2019-05-01,234.0099
2225,2019-05-02,244.1001
2226,2019-05-03,255.03
2227,2019-05-06,255.3399
2228,2019-05-07,247.0599
2229,2019-05-08,244.8399
2230,2019-05-09,241.98
2231,2019-05-10,239.52
2232,2019-05-13,227.01
2233,2019-05-14,232.3101
2234,2019-05-15,231.9501
2235,2019-05-16,228.33
2236,2019-05-17,211.0299
2237,2019-05-20,205.3599
2238,2019-05-21,205.08
2239,2019-05-22,192.7299
2240,2019-05-23,195.4899
2241,2019-05-24,190.6299
2242,2019-05-28,188.7
2243,2019-05-29,189.8601
2244,2019-05-30,188.22
2245,2019-05-31,185.16
2246,2019-06-03,178.9701
2247,2019-06-04,193.5999
2248,2019-06-05,196.59
2249,2019-06-06,205.95
2250,2019-06-07,204.5001
2251,2019-06-10,212.88
2252,2019-06-11,217.1001
2253,2019-06-12,209.2599
2254,2019-06-13,213.9099
2255,2019-06-14,214.92
2256,2019-06-17,225.03
2257,2019-06-18,224.7399
2258,2019-06-19,226.4301
2259,2019-06-20,219.6201
2260,2019-06-21,221.8599
2261,2019-06-24,223.6401
2262,2019-06-25,219.7599
2263,2019-06-26,219.27
2264,2019-06-27,222.84
2265,2019-06-28,223.4601
2266,2019-07-01,227.1699
2267,2019-07-02,224.55
2268,2019-07-03,234.9
2269,2019-07-05,233.1
2270,2019-07-08,230.34
2271,2019-07-09,230.0601
2272,2019-07-10,238.92
2273,2019-07-11,238.5999
2274,2019-07-12,245.0799
2275,2019-07-15,253.5
2276,2019-07-16,252.3801
2277,2019-07-17,254.8599
2278,2019-07-18,253.5399
2279,2019-07-19,258.18
2280,2019-07-22,255.6801
2281,2019-07-23,260.1699
2282,2019-07-24,264.8799
2283,2019-07-25,228.8199
2284,2019-07-26,228.0399
2285,2019-07-29,235.77
2286,2019-07-30,242.2599
2287,2019-07-31,241.6101
2288,2019-08-01,233.85
2289,2019-08-02,234.3399
2290,2019-08-05,228.3201
2291,2019-08-06,230.7501
2292,2019-08-07,233.4201
2293,2019-08-08,238.2999
2294,2019-08-09,235.0101
2295,2019-08-12,229.0101
2296,2019-08-13,234.9999
2297,2019-08-14,219.6201
2298,2019-08-15,215.64
2299,2019-08-16,219.9399
2300,2019-08-19,226.83
2301,2019-08-20,225.8601
2302,2019-08-21,220.83
2303,2019-08-22,222.15
2304,2019-08-23,211.4001
2305,2019-08-26,215.0001
2306,2019-08-27,214.08
2307,2019-08-28,215.5899
2308,2019-08-29,221.7099
2309,2019-08-30,225.6099
2310,2019-09-03,225.0099
2311,2019-09-04,220.68
2312,2019-09-05,229.5801
2313,2019-09-06,227.4501
2314,2019-09-09,231.7899
2315,2019-09-10,235.5399
2316,2019-09-11,247.1001
2317,2019-09-12,245.8701
2318,2019-09-13,245.1999
2319,2019-09-16,242.8101
2320,2019-09-17,244.7901
2321,2019-09-18,243.4899
2322,2019-09-19,246.6
2323,2019-09-20,240.6201
2324,2019-09-23,241.23
2325,2019-09-24,223.2099
2326,2019-09-25,228.6999
2327,2019-09-26,242.5599
2328,2019-09-27,242.13
2329,2019-09-30,240.87
2330,2019-10-01,244.6899
2331,2019-10-02,243.1299
2332,2019-10-03,233.0301
2333,2019-10-04,231.4299
2334,2019-10-07,237.72
2335,2019-10-08,240.0501
2336,2019-10-09,244.53
2337,2019-10-10,244.74
2338,2019-10-11,247.89
2339,2019-10-14,256.9599
2340,2019-10-15,257.8899
2341,2019-10-16,259.7499
2342,2019-10-17,261.9699
2343,2019-10-18,256.95
2344,2019-10-21,253.5
2345,2019-10-22,255.5799
2346,2019-10-23,254.6799
2347,2019-10-24,299.6799
2348,2019-10-25,328.1301
2349,2019-10-28,327.7101
2350,2019-10-29,316.2201
2351,2019-10-30,315.0099
2352,2019-10-31,314.9199
2353,2019-11-01,313.3101
2354,2019-11-04,317.4699
2355,2019-11-05,317.22
2356,2019-11-06,326.58
2357,2019-11-07,335.5401
2358,2019-11-08,337.14
2359,2019-11-11,345.09
2360,2019-11-12,349.9299
2361,2019-11-13,346.11
2362,2019-11-14,349.35
2363,2019-11-15,352.17
2364,2019-11-18,349.9899
2365,2019-11-19,359.52
2366,2019-11-20,352.2201
2367,2019-11-21,354.8301
2368,2019-11-22,333.0399
2369,2019-11-25,336.3399
2370,2019-11-26,328.92
2371,2019-11-27,331.29
2372,2019-11-29,329.94
2373,2019-12-02,334.8699
2374,2019-12-03,336.2001
2375,2019-12-04,333.03
2376,2019-12-05,330.3699
2377,2019-12-06,335.8899
2378,2019-12-09,339.5301
2379,2019-12-10,348.84
2380,2019-12-11,352.7001
2381,2019-12-12,359.6799
2382,2019-12-13,358.3899
2383,2019-12-16,381.5001
2384,2019-12-17,378.99
2385,2019-12-18,393.15
2386,2019-12-19,404.04
2387,2019-12-20,405.5901
2388,2019-12-23,419.22
2389,2019-12-24,425.25
2390,2019-12-26,430.9401
2391,2019-12-27,430.38
2392,2019-12-30,414.6999
2393,2019-12-31,418.3299
2394,2020-01-02,430.26
2395,2020-01-03,443.01
2396,2020-01-06,451.5399
2397,2020-01-07,469.0599
2398,2020-01-08,492.1401
2399,2020-01-09,481.3401
2400,2020-01-10,478.1499
2401,2020-01-13,524.8599
2402,2020-01-14,537.9201
2403,2020-01-15,518.4999
2404,2020-01-16,513.4899
2405,2020-01-17,510.5001
2406,2020-01-21,547.2
2407,2020-01-22,569.5599
2408,2020-01-23,572.1999
2409,2020-01-24,564.8199
2410,2020-01-27,558.0201
2411,2020-01-28,566.9001
2412,2020-01-29,580.9899
2413,2020-01-30,640.8099
2414,2020-01-31,650.5701
2415,2020-02-03,780.0
2416,2020-02-04,887.0601
2417,2020-02-05,734.7
2418,2020-02-06,748.9599
2419,2020-02-07,748.0701
2420,2020-02-10,771.2799
2421,2020-02-11,774.3801
2422,2020-02-12,767.2899
2423,2020-02-13,804.0
2424,2020-02-14,800.0301
2425,2020-02-18,858.3999
2426,2020-02-19,917.4198
2427,2020-02-20,899.4099
2428,2020-02-21,900.9999
2429,2020-02-24,833.79
2430,2020-02-25,799.9101
2431,2020-02-26,778.8
2432,2020-02-27,678.9999
2433,2020-02-28,667.9899
2434,2020-03-02,743.6199
2435,2020-03-03,745.5099
2436,2020-03-04,749.5002
2437,2020-03-05,724.5399
2438,2020-03-06,703.4799
2439,2020-03-09,607.9998
2440,2020-03-10,645.33
2441,2020-03-11,634.23
2442,2020-03-12,560.55
2443,2020-03-13,546.6201
2444,2020-03-16,445.0701
2445,2020-03-17,430.2
2446,2020-03-18,361.2201
2447,2020-03-19,427.6401
2448,2020-03-20,427.53
2449,2020-03-23,434.2899
2450,2020-03-24,504.9999
2451,2020-03-25,539.25
2452,2020-03-26,528.1599
2453,2020-03-27,514.3599
2454,2020-03-30,502.1301
2455,2020-03-31,524.0001
2456,2020-04-01,481.56
2457,2020-04-02,454.47
2458,2020-04-03,480.0102
2459,2020-04-06,516.24
2460,2020-04-07,545.4501
2461,2020-04-08,548.8401
2462,2020-04-09,573.0
2463,2020-04-13,650.9499
2464,2020-04-14,709.89
2465,2020-04-15,729.8301
2466,2020-04-16,745.2099
2467,2020-04-17,753.8901
2468,2020-04-20,746.3601
2469,2020-04-21,686.7201
2470,2020-04-22,732.1101
2471,2020-04-23,705.63
2472,2020-04-24,725.1501
2473,2020-04-27,798.75
2474,2020-04-28,769.1202
2475,2020-04-29,800.5101
2476,2020-04-30,781.8801
2477,2020-05-01,701.3202
2478,2020-05-04,761.19
2479,2020-05-05,768.21
2480,2020-05-06,782.58
2481,2020-05-07,780.0399
2482,2020-05-08,819.42
2483,2020-05-11,811.29
2484,2020-05-12,809.4099
2485,2020-05-13,790.9599
2486,2020-05-14,803.3301
2487,2020-05-15,799.17
2488,2020-05-18,813.63
2489,2020-05-19,808.0101
2490,2020-05-20,815.5599
2491,2020-05-21,827.6001
2492,2020-05-22,816.8802
2493,2020-05-26,818.8701
2494,2020-05-27,820.23
2495,2020-05-28,805.8099
2496,2020-05-29,834.9999
2497,2020-06-01,898.1001
2498,2020-06-02,881.5599
2499,2020-06-03,882.96
2500,2020-06-04,864.3801
2501,2020-06-05,885.66
2502,2020-06-08,949.92
2503,2020-06-09,940.6701
2504,2020-06-10,1025.0499
2505,2020-06-11,972.84
2506,2020-06-12,935.28
2507,2020-06-15,990.9
2508,2020-06-16,982.1301
2509,2020-06-17,991.7901
2510,2020-06-18,1003.9599
2511,2020-06-19,1000.8999
2512,2020-06-22,994.32
2513,2020-06-23,1001.7801
2514,2020-06-24,960.8499
2515,2020-06-25,985.98
2516,2020-06-26,959.7399
2517,2020-06-29,1009.35
2518,2020-06-30,1079.8101
2519,2020-07-01,1119.63
2520,2020-07-02,1208.6601
2521,2020-07-06,1371.5802
2522,2020-07-07,1389.8601
2523,2020-07-08,1365.8802
2524,2020-07-09,1394.28
2525,2020-07-10,1544.6502
2526,2020-07-13,1497.06
2527,2020-07-14,1516.8
2528,2020-07-15,1546.0101
2529,2020-07-16,1500.6402
2530,2020-07-17,1500.84
2531,2020-07-20,1643.0001
2532,2020-07-21,1568.3601
2533,2020-07-22,1592.3301
2534,2020-07-23,1513.0701
2535,2020-07-24,1417.0002
2536,2020-07-27,1539.6
2537,2020-07-28,1476.4902
2538,2020-07-29,1499.1102
2539,2020-07-30,1487.49
2540,2020-07-31,1430.76
2541,2020-08-03,1485.0
2542,2020-08-04,1487.0001
2543,2020-08-05,1485.0201
2544,2020-08-06,1489.5801
2545,2020-08-07,1452.7101
2546,2020-08-10,1418.5701
2547,2020-08-11,1374.39
2548,2020-08-12,1554.7602
2549,2020-08-13,1621.0002
2550,2020-08-14,1650.7101
2551,2020-08-17,1835.64
2552,2020-08-18,1887.09
2553,2020-08-19,1878.5301
2554,2020-08-20,2001.8301
2555,2020-08-21,2049.9801
2556,2020-08-24,2014.2
2557,2020-08-25,2023.3401
2558,2020-08-26,2153.1702
2559,2020-08-27,2238.75
2560,2020-08-28,2213.4
2561,2020-08-31,498.32
2562,2020-09-01,475.05
2563,2020-09-02,447.37
2564,2020-09-03,407.0
2565,2020-09-04,418.32
2566,2020-09-08,330.21
2567,2020-09-09,366.28
2568,2020-09-10,371.34
2569,2020-09-11,372.72
2570,2020-09-14,419.62
2571,2020-09-15,449.76
2572,2020-09-16,441.76
2573,2020-09-17,423.43
2574,2020-09-18,442.15
2575,2020-09-21,449.39
2576,2020-09-22,424.23
2577,2020-09-23,380.36
2578,2020-09-24,387.79
2579,2020-09-25,407.34
2580,2020-09-28,421.2
2581,2020-09-29,419.07
2582,2020-09-30,429.01
2583,2020-10-01,448.16
2584,2020-10-02,415.09
2585,2020-10-05,425.68
2586,2020-10-06,413.98
2587,2020-10-07,425.3
2588,2020-10-08,425.92
2589,2020-10-09,434.0
2590,2020-10-12,442.3
2591,2020-10-13,446.65
2592,2020-10-14,461.3
2593,2020-10-15,448.88
2594,2020-10-16,439.67
2595,2020-10-19,430.83
2596,2020-10-20,421.94
2597,2020-10-21,422.64
2598,2020-10-22,425.79
2599,2020-10-23,420.63
2600,2020-10-26,420.28
2601,2020-10-27,424.68
2602,2020-10-28,406.02
2603,2020-10-29,410.83
2604,2020-10-30,388.04
2605,2020-11-02,400.51
2606,2020-11-03,423.9
2607,2020-11-04,420.98
2608,2020-11-05,438.09
2609,2020-11-06,429.95
2610,2020-11-09,421.26
2611,2020-11-10,410.36
2612,2020-11-11,417.13
2613,2020-11-12,411.76
2614,2020-11-13,408.5
2615,2020-11-16,408.09
2616,2020-11-17,441.61
2617,2020-11-18,486.64
2618,2020-11-19,499.27
2619,2020-11-20,489.61
2620,2020-11-23,521.85
2621,2020-11-24,555.38
2622,2020-11-25,574.0
2623,2020-11-27,585.76
2624,2020-11-30,567.6
2625,2020-12-01,584.76
2626,2020-12-02,568.82
2627,2020-12-03,593.38
2628,2020-12-04,599.04
2629,2020-12-07,641.76
2630,2020-12-08,649.88
2631,2020-12-09,604.48
2632,2020-12-10,627.07
2633,2020-12-11,609.99
2634,2020-12-14,639.83
2635,2020-12-15,633.25
2636,2020-12-16,622.77
2637,2020-12-17,655.9
2638,2020-12-18,695.0
2639,2020-12-21,649.86
2640,2020-12-22,640.34
2641,2020-12-23,645.98
2642,2020-12-24,661.77
2643,2020-12-28,663.69
2644,2020-12-29,665.99
2645,2020-12-30,694.78
2646,2020-12-31,705.67
2647,2021-01-04,729.77
2648,2021-01-05,735.11
2649,2021-01-06,755.98
2650,2021-01-07,816.04
2651,2021-01-08,880.0201
2652,2021-01-11,811.19
2653,2021-01-12,849.44
2654,2021-01-13,854.41
2655,2021-01-14,845.0001
2656,2021-01-15,826.16
2657,2021-01-19,844.55
2658,2021-01-20,850.45
2659,2021-01-21,844.99
2660,2021-01-22,846.64
2661,2021-01-25,880.8
2662,2021-01-26,883.09
2663,2021-01-27,864.16
2664,2021-01-28,835.4301
2665,2021-01-29,793.53
2666,2021-02-01,839.81
2667,2021-02-02,872.79
2668,2021-02-03,854.69
2669,2021-02-04,849.9901
2670,2021-02-05,852.23
2671,2021-02-08,863.42
2672,2021-02-09,849.46
2673,2021-02-10,804.82
2674,2021-02-11,811.66
2675,2021-02-12,816.12
2676,2021-02-16,796.22
2677,2021-02-17,798.15
2678,2021-02-18,787.3801
2679,2021-02-19,781.3
2680,2021-02-22,714.5
2681,2021-02-23,698.84
2682,2021-02-24,742.02
2683,2021-02-25,682.22
2684,2021-02-26,675.5
2685,2021-03-01,718.43
2686,2021-03-02,686.44
2687,2021-03-03,653.2
2688,2021-03-04,621.44
2689,2021-03-05,597.95
2690,2021-03-08,563.0
2691,2021-03-09,673.58
2692,2021-03-10,668.06
2693,2021-03-11,699.6
2694,2021-03-12,693.73
2695,2021-03-15,707.94
2696,2021-03-16,676.88
2697,2021-03-17,701.81
2698,2021-03-18,653.16
2699,2021-03-19,654.87
2700,2021-03-22,670.0
2701,2021-03-23,662.16
2702,2021-03-24,630.27
2703,2021-03-25,640.39
2704,2021-03-26,618.71
2705,2021-03-29,611.29
2706,2021-03-30,635.62
2707,2021-03-31,667.93
2708,2021-04-01,661.75
2709,2021-04-05,691.05
2710,2021-04-06,691.62
2711,2021-04-07,670.97
2712,2021-04-08,683.8
2713,2021-04-09,677.02
2714,2021-04-12,701.98
2715,2021-04-13,762.32
2716,2021-04-14,732.23
2717,2021-04-15,738.85
2718,2021-04-16,739.78
2719,2021-04-19,714.63
2720,2021-04-20,718.99
2721,2021-04-21,744.12
2722,2021-04-22,719.69
2723,2021-04-23,729.4
2724,2021-04-26,738.2
2725,2021-04-27,704.74
2726,2021-04-28,694.4
2727,2021-04-29,677.0
2728,2021-04-30,709.44
2729,2021-05-03,684.9
2730,2021-05-04,673.6
2731,2021-05-05,670.94
2732,2021-05-06,663.54
2733,2021-05-07,672.37
2734,2021-05-10,629.04
2735,2021-05-11,617.2
2736,2021-05-12,589.89
2737,2021-05-13,571.69
2738,2021-05-14,589.74
2739,2021-05-17,576.83
2740,2021-05-18,577.87
2741,2021-05-19,563.46
2742,2021-05-20,586.78
2743,2021-05-21,580.88
2744,2021-05-24,606.44
2745,2021-05-25,604.69
2746,2021-05-26,619.13
2747,2021-05-27,630.85
2748,2021-05-28,625.22
2749,2021-06-01,623.9
2750,2021-06-02,605.12
2751,2021-06-03,572.84
2752,2021-06-04,599.05
2753,2021-06-07,605.13
2754,2021-06-08,603.59
2755,2021-06-09,598.78
2756,2021-06-10,610.12
2757,2021-06-11,609.89
2758,2021-06-14,617.69
2759,2021-06-15,599.36
2760,2021-06-16,604.87
2761,2021-06-17,616.6
2762,2021-06-18,623.31
2763,2021-06-21,620.83
2764,2021-06-22,623.71
2765,2021-06-23,656.57
2766,2021-06-24,679.82
2767,2021-06-25,671.87
2768,2021-06-28,688.72
2769,2021-06-29,680.76
2770,2021-06-30,679.7
2771,2021-07-01,677.92
2772,2021-07-02,678.9
2773,2021-07-06,659.58
2774,2021-07-07,644.65
2775,2021-07-08,652.81
2776,2021-07-09,656.95
2777,2021-07-12,685.7
2778,2021-07-13,668.54
2779,2021-07-14,653.38
2780,2021-07-15,650.6
2781,2021-07-16,644.22
2782,2021-07-19,646.22
2783,2021-07-20,660.5
2784,2021-07-21,655.29
2785,2021-07-22,649.26
2786,2021-07-23,643.38
2787,2021-07-26,657.62
2788,2021-07-27,644.78
2789,2021-07-28,646.98
2790,2021-07-29,677.35
2791,2021-07-30,687.2
2792,2021-08-02,709.67
2793,2021-08-03,709.74
2794,2021-08-04,710.92
2795,2021-08-05,714.63
2796,2021-08-06,699.1
2797,2021-08-09,713.76
2798,2021-08-10,709.99
2799,2021-08-11,707.82
2800,2021-08-12,722.25
2801,2021-08-13,717.17
2802,2021-08-16,686.17
2803,2021-08-17,665.71
2804,2021-08-18,688.99
2805,2021-08-19,673.47
2806,2021-08-20,680.26
2807,2021-08-23,706.3
2808,2021-08-24,708.49
2809,2021-08-25,711.2
2810,2021-08-26,701.16
2811,2021-08-27,711.92
2812,2021-08-30,730.91
2813,2021-08-31,735.72
2814,2021-09-01,734.09
2815,2021-09-02,732.39
2816,2021-09-03,733.57
2817,2021-09-07,752.92
2818,2021-09-08,753.87
2819,2021-09-09,754.86
2820,2021-09-10,736.27
2821,2021-09-13,743.0
2822,2021-09-14,744.49
2823,2021-09-15,755.83
2824,2021-09-16,756.99
2825,2021-09-17,759.49
2826,2021-09-20,730.17
2827,2021-09-21,739.38
2828,2021-09-22,751.94
2829,2021-09-23,753.64
2830,2021-09-24,774.39
2831,2021-09-27,791.36
2832,2021-09-28,777.56
2833,2021-09-29,781.31
2834,2021-09-30,775.48
2835,2021-10-01,775.22
2836,2021-10-04,781.53
2837,2021-10-05,780.59
2838,2021-10-06,782.7501
2839,2021-10-07,793.61
2840,2021-10-08,785.4901
2841,2021-10-11,791.94
2842,2021-10-12,805.72
2843,2021-10-13,811.08
2844,2021-10-14,818.32
2845,2021-10-15,843.03
2846,2021-10-18,870.11
2847,2021-10-19,864.2701
2848,2021-10-20,865.8
2849,2021-10-21,894.0
2850,2021-10-22,909.6801
2851,2021-10-25,1024.86
2852,2021-10-26,1018.43
2853,2021-10-27,1037.86
2854,2021-10-28,1077.04
2855,2021-10-29,1114.0
2856,2021-11-01,1208.59
2857,2021-11-02,1172.0
2858,2021-11-03,1213.86
2859,2021-11-04,1229.91
2860,2021-11-05,1222.09
2861,2021-11-08,1162.94
2862,2021-11-09,1023.5
2863,2021-11-10,1067.95
2864,2021-11-11,1063.51
2865,2021-11-12,1033.42
2866,2021-11-15,1013.39
2867,2021-11-16,1054.73
2868,2021-11-17,1089.01
2869,2021-11-18,1096.38
2870,2021-11-19,1137.06
2871,2021-11-22,1156.87
2872,2021-11-23,1109.03
2873,2021-11-24,1116.0
2874,2021-11-26,1081.92
2875,2021-11-29,1136.99
2876,2021-11-30,1144.76
2877,2021-12-01,1095.0
2878,2021-12-02,1084.6
2879,2021-12-03,1014.97
2880,2021-12-06,1009.01
2881,2021-12-07,1051.75
2882,2021-12-08,1068.96
2883,2021-12-09,1003.8
2884,2021-12-10,1017.03
2885,2021-12-13,966.41
2886,2021-12-14,958.5101
2887,2021-12-15,975.9901
2888,2021-12-16,926.92
2889,2021-12-17,932.5701
2890,2021-12-20,899.94
2891,2021-12-21,938.53
2892,2021-12-22,1008.87
2893,2021-12-23,1067.0
2894,2021-12-27,1093.94
2895,2021-12-28,1088.47
2896,2021-12-29,1086.19
2897,2021-12-30,1070.34
2898,2021-12-31,1056.78
2899,2022-01-03,1199.78
2900,2022-01-04,1149.59
2901,2022-01-05,1088.12
2902,2022-01-06,1064.7
2903,2022-01-07,1026.96
2904,2022-01-10,1058.12
2905,2022-01-11,1064.4
2906,2022-01-12,1106.22
2907,2022-01-13,1031.56
2908,2022-01-14,1049.61
2909,2022-01-18,1030.51
2910,2022-01-19,995.6501
2911,2022-01-20,996.2701
2912,2022-01-21,943.9001
2913,2022-01-24,930.0
2914,2022-01-25,918.4001
2915,2022-01-26,937.41
2916,2022-01-27,829.1
2917,2022-01-28,846.35
2918,2022-01-31,936.72
2919,2022-02-01,931.2501
2920,2022-02-02,905.66
2921,2022-02-03,891.1401
2922,2022-02-04,923.32
2923,2022-02-07,907.34
2924,2022-02-08,922.0
2925,2022-02-09,932.0001
2926,2022-02-10,904.55
2927,2022-02-11,860.0001
2928,2022-02-14,875.76
2929,2022-02-15,922.4301
2930,2022-02-16,923.3901
2931,2022-02-17,876.35
2932,2022-02-18,856.98
2933,2022-02-22,821.53
2934,2022-02-23,764.04
2935,2022-02-24,800.77
2936,2022-02-25,809.87
2937,2022-02-28,870.43
2938,2022-03-01,864.3701
2939,2022-03-02,879.8901
2940,2022-03-03,839.29
2941,2022-03-04,838.29
2942,2022-03-07,804.5801
2943,2022-03-08,824.4
2944,2022-03-09,858.97
2945,2022-03-10,838.3
2946,2022-03-11,795.35
2947,2022-03-14,766.37
2948,2022-03-15,801.8901
2949,2022-03-16,840.23
2950,2022-03-17,871.6
2951,2022-03-18,905.3901
2952,2022-03-21,921.16
2953,2022-03-22,993.98
2954,2022-03-23,999.11
2955,2022-03-24,1013.92
2956,2022-03-25,1010.64
2957,2022-03-28,1091.84
2958,2022-03-29,1099.57
2959,2022-03-30,1093.99
2960,2022-03-31,1077.6
2961,2022-04-01,1084.59
2962,2022-04-04,1145.45
2963,2022-04-05,1091.26
2964,2022-04-06,1045.76
2965,2022-04-07,1057.26
2966,2022-04-08,1025.49
2967,2022-04-11,975.93
2968,2022-04-12,986.95
2969,2022-04-13,1022.37
2970,2022-04-14,985.0
2971,2022-04-18,1004.29
2972,2022-04-19,1028.15
2973,2022-04-20,977.2
2974,2022-04-21,1008.78
2975,2022-04-22,1005.05
2976,2022-04-25,998.02
2977,2022-04-26,876.42
2978,2022-04-27,881.51
2979,2022-04-28,877.5101
2980,2022-04-29,870.7601
2981,2022-05-02,902.94
2982,2022-05-03,909.25
2983,2022-05-04,952.62
2984,2022-05-05,873.28
2985,2022-05-06,865.65
2986,2022-05-09,787.11
2987,2022-05-10,800.04
2988,2022-05-11,734.0
2989,2022-05-12,728.0
2990,2022-05-13,769.5901
2991,2022-05-16,724.37
2992,2022-05-17,761.61
2993,2022-05-18,709.81
2994,2022-05-19,709.42
2995,2022-05-20,663.9
2996,2022-05-23,674.9
2997,2022-05-24,628.16
2998,2022-05-25,658.8
2999,2022-05-26,707.73
3000,2022-05-27,759.63
3001,2022-05-31,758.26
3002,2022-06-01,740.37
3003,2022-06-02,775.0
3004,2022-06-03,703.55
3005,2022-06-06,714.84
3006,2022-06-07,716.66
3007,2022-06-08,725.6
3008,2022-06-09,719.12
3009,2022-06-10,696.69
3010,2022-06-13,647.21
3011,2022-06-14,662.67
3012,2022-06-15,699.0
3013,2022-06-16,639.3
3014,2022-06-17,650.28
3015,2022-06-21,711.11
3016,2022-06-22,708.26
3017,2022-06-23,705.21
3018,2022-06-24,737.12
3019,2022-06-27,734.76
3020,2022-06-28,697.99
3021,2022-06-29,685.47
3022,2022-06-30,673.42
3023,2022-07-01,681.79
3024,2022-07-05,699.2
3025,2022-07-06,695.2
3026,2022-07-07,733.63
3027,2022-07-08,752.29
3028,2022-07-11,703.03
3029,2022-07-12,699.21
3030,2022-07-13,711.12
3031,2022-07-14,714.94
3032,2022-07-15,720.2
3033,2022-07-18,721.64
3034,2022-07-19,736.59
3035,2022-07-20,742.5
3036,2022-07-21,815.12
3037,2022-07-22,816.73
3038,2022-07-25,805.3
3039,2022-07-26,776.58
3040,2022-07-27,824.46
3041,2022-07-28,842.7001
3042,2022-07-29,891.4501
3043,2022-08-01,891.83
3044,2022-08-02,901.76
3045,2022-08-03,922.19
3046,2022-08-04,925.9001
3047,2022-08-05,864.51
3048,2022-08-08,871.27
3049,2022-08-09,850.0
3050,2022-08-10,883.0701
3051,2022-08-11,859.89
3052,2022-08-12,900.0901
3053,2022-08-15,927.96
3054,2022-08-16,919.6901
3055,2022-08-17,911.99
3056,2022-08-18,908.61
3057,2022-08-19,890.0001
3058,2022-08-22,869.74
3059,2022-08-23,889.36
3060,2022-08-24,891.29
3061,2022-08-25,296.07
3062,2022-08-26,288.09
3063,2022-08-29,284.82
3064,2022-08-30,277.7
3065,2022-08-31,275.61
3066,2022-09-01,277.16
3067,2022-09-02,270.21
3068,2022-09-06,274.42
3069,2022-09-07,283.7
3070,2022-09-08,289.26
3071,2022-09-09,299.68
3072,2022-09-12,304.42
3073,2022-09-13,292.13
3074,2022-09-14,302.61
3075,2022-09-15,303.75
3076,2022-09-16,303.35
3077,2022-09-19,309.07
3078,2022-09-20,308.73
3079,2022-09-21,300.8
3080,2022-09-22,288.59
3081,2022-09-23,275.33
3082,2022-09-26,276.01
3083,2022-09-27,282.94
3084,2022-09-28,287.81
3085,2022-09-29,268.21
3086,2022-09-30,265.25
3087,2022-10-03,242.4
3088,2022-10-04,249.44
3089,2022-10-05,240.81
3090,2022-10-06,238.13
3091,2022-10-07,223.07
3092,2022-10-10,222.96
3093,2022-10-11,216.5
3094,2022-10-12,217.24
3095,2022-10-13,221.72
3096,2022-10-14,204.99
3097,2022-10-17,219.35
3098,2022-10-18,220.19
3099,2022-10-19,222.04
3100,2022-10-20,207.28
3101,2022-10-21,214.44
3102,2022-10-24,211.25
3103,2022-10-25,222.415
3104,2022-10-26,224.64
3105,2022-10-27,225.09
3106,2022-10-28,228.52
3107,2022-10-31,227.54
3108,2022-11-01,227.82
3109,2022-11-02,214.98
3110,2022-11-03,215.31
3111,2022-11-04,207.47
3112,2022-11-07,197.08
3113,2022-11-08,191.3
3114,2022-11-09,177.59
3115,2022-11-10,190.72
3116,2022-11-11,195.97
3117,2022-11-14,190.95
3118,2022-11-15,194.42
3119,2022-11-16,186.92
3120,2022-11-17,183.17
3121,2022-11-18,180.19
3122,2022-11-21,167.87
3123,2022-11-22,169.91
3124,2022-11-23,183.2
3125,2022-11-25,182.86
3126,2022-11-28,182.92
3127,2022-11-29,180.83
3128,2022-11-30,194.7
3129,2022-12-01,194.7
3130,2022-12-02,194.86
3131,2022-12-05,182.45
3132,2022-12-06,179.82
3133,2022-12-07,174.04
3134,2022-12-08,173.44
3135,2022-12-09,179.05
3136,2022-12-12,167.82
3137,2022-12-13,160.95
3138,2022-12-14,156.8
3139,2022-12-15,157.67
3140,2022-12-16,150.23
3141,2022-12-19,149.87
3142,2022-12-20,137.8
3143,2022-12-21,137.57
3144,2022-12-22,125.35
3145,2022-12-23,123.15
3146,2022-12-27,109.1
3147,2022-12-28,112.71
3148,2022-12-29,121.82
3149,2022-12-30,123.18
3150,2023-01-03,108.1
3151,2023-01-04,113.64
